WigleWifi-1.4,appRelease=1.57,model=Inspire 4G,release=2.3.5,device=ace,display=GRJ90,board=spade,brand=htc_wwe
MAC,SSID,AuthMode,FirstSeen,Channel,RSSI,CurrentLatitude,CurrentLongitude,AltitudeMeters,AccuracyMeters,Type
00:18:01:f1:ef:12,QS993,[WEP],2013-08-24 22:35:23,6,-93,40.1306857,-75.13429157,62.5,29,WIFI
00:1f:90:e3:09:e7,12Z70,[WEP],2013-08-24 22:35:23,1,-90,40.1306857,-75.13429157,62.5,29,WIFI
00:13:f7:12:74:fb,Pool,[WEP],2013-08-24 22:35:23,11,-78,40.1306857,-75.13429157,62.5,29,WIFI
00:7f:28:3e:0c:7e,fisher,[WEP],2013-08-24 22:35:23,6,-59,40.1306857,-75.13429157,62.5,29,WIFI
310410_2976_142425095,AT&T,HSDPA;us,2013-08-24 22:35:23,0,-109,40.1306857,-75.13429157,62.5,29,GSM
08:86:3b:62:a5:8e,belkin.58e,[WPA-PSK-CCMP][WPA2-PSK-CCMP][WPS][WPS],2013-08-24 22:35:45,1,-96,40.13073569,-75.13424165,51,15,WIFI
00:18:01:ff:6b:63,TheChristopher's,[WEP],2013-08-24 22:37:30,1,-95,40.13074291,-75.13423354,49.2000007629395,12,WIFI
310410_2976_142425089,AT&T,HSDPA;us,2013-08-24 22:37:30,0,-113,40.13074291,-75.13423354,49.2000007629395,12,GSM
00:1f:90:b7:fb:fc,ZGES5,[WEP],2013-08-25 16:41:27,11,-97,40.13102464,-75.1344209,43.2999992370605,35,WIFI
00:18:01:ff:6b:63,TheChristopher's,[WEP],2013-08-25 16:41:27,1,-92,40.13102464,-75.1344209,43.2999992370605,35,WIFI
9c:d3:6d:bb:a7:dd,NETGEAR02,[WPA2-PSK-CCMP][WPS][WPS],2013-08-25 16:41:27,7,-90,40.13102464,-75.1344209,43.2999992370605,35,WIFI
00:18:01:f8:a1:5a,XMBM4,[WEP],2013-08-25 16:41:27,6,-89,40.13102464,-75.1344209,43.2999992370605,35,WIFI
08:86:3b:62:a5:8e,belkin.58e,[WPA-PSK-CCMP][WPA2-PSK-CCMP][WPS][WPS],2013-08-25 16:41:27,1,-87,40.13102464,-75.1344209,43.2999992370605,35,WIFI
00:18:01:f1:ef:12,QS993,[WEP],2013-08-25 16:41:27,6,-87,40.13102464,-75.1344209,43.2999992370605,35,WIFI
00:13:f7:12:74:fb,Pool,[WEP],2013-08-25 16:41:27,11,-87,40.13102464,-75.1344209,43.2999992370605,35,WIFI
00:1f:90:e3:09:e7,12Z70,[WEP],2013-08-25 16:41:27,1,-77,40.13102464,-75.1344209,43.2999992370605,35,WIFI
00:7f:28:3e:0c:7e,fisher,[WEP],2013-08-25 16:41:27,6,-74,40.13102464,-75.1344209,43.2999992370605,35,WIFI
310410_2976_142425095,AT&T,HSDPA;us,2013-08-25 16:41:27,0,-95,40.13102464,-75.1344209,43.2999992370605,35,GSM
84:34:97:fd:e2:93,HP-Print-93-Photosmart 6520,[WPA2-PSK-CCMP],2013-08-25 16:41:30,6,-93,40.1308421,-75.13433339,52.5,15,WIFI
00:22:3f:7a:20:5e,cinda wireless,[WPA-PSK-TKIP][WPS][WPS],2013-08-25 16:41:30,6,-91,40.1308421,-75.13433339,52.5,15,WIFI
00:26:62:b1:82:e1,8DCX6,[WEP],2013-08-25 16:41:32,6,-95,40.13090402,-75.13429715,45.7999992370605,10,WIFI
f8:e4:fb:1f:51:25,YF6X4,[WPA2-PSK-CCMP],2013-08-25 16:41:32,6,-88,40.13090402,-75.13429715,45.7999992370605,10,WIFI
f8:e4:fb:0d:70:60,59593,[WPA2-PSK-CCMP],2013-08-25 16:41:40,6,-91,40.1309274,-75.13428344,46.7000007629395,5,WIFI
00:18:39:3f:24:7c,19lilac76,[WEP],2013-08-25 16:42:18,11,-93,40.13102639,-75.13421517,46.5,6,WIFI
00:1f:90:e2:25:70,M5300,[WEP],2013-08-25 16:42:19,6,-95,40.13105682,-75.13418345,45.9000015258789,5,WIFI
00:1c:f0:e9:01:c3,Te@mZiggy,[WPA2-PSK-TKIP+CCMP-preauth],2013-08-25 16:42:21,1,-89,40.13117039,-75.13414089,44.5999984741211,5,WIFI
a0:21:b7:98:63:9c,markley,[WPA2-PSK-CCMP][WPS][WPS],2013-08-25 16:42:21,1,-87,40.13117039,-75.13414089,44.5999984741211,5,WIFI
00:26:62:bb:1c:a7,QUTA7,[WEP],2013-08-25 16:42:22,6,-95,40.13119916,-75.13410496,43.9000015258789,5,WIFI
00:21:29:7e:d2:77,Wireless@Home,[WEP],2013-08-25 16:42:23,6,-94,40.13123556,-75.13404958,44.5999984741211,4,WIFI
00:26:f2:a0:0b:c9,FBF-Home,[WPA-PSK-TKIP+CCMP][WPA2-PSK-TKIP+CCMP][WPS][WPS],2013-08-25 16:42:26,1,-94,40.13139334,-75.13394693,40.4000015258789,4,WIFI
00:26:b8:be:32:32,R94NM,[WEP],2013-08-25 16:42:28,6,-98,40.13149119,-75.13385576,41.2000007629395,4,WIFI
00:18:01:f3:d7:04,1K7M3,[WEP],2013-08-25 16:42:28,6,-94,40.13149119,-75.13385576,41.2000007629395,4,WIFI
00:1f:90:f6:cd:fc,QHRG3,[WEP],2013-08-25 16:42:28,6,-90,40.13149119,-75.13385576,41.2000007629395,4,WIFI
00:18:01:fe:3a:14,L9YL7,[WEP],2013-08-25 16:42:29,11,-95,40.13155568,-75.13382242,42,3,WIFI
4c:60:de:ff:eb:80,Roslyn,[WPA2-PSK-CCMP],2013-08-25 16:42:31,1,-93,40.13166675,-75.13372959,41.5999984741211,3,WIFI
4e:60:de:ff:eb:81,WelcomeFriends,,2013-08-25 16:42:31,1,-93,40.13166675,-75.13372959,41.5999984741211,3,WIFI
00:1f:90:e6:af:f2,GOCZ0,[WEP],2013-08-25 16:42:31,6,-92,40.13166675,-75.13372959,41.5999984741211,3,WIFI
4c:60:de:36:40:73,Edgewood,[WPA2-PSK-CCMP][WPS][WPS],2013-08-25 16:42:31,1,-91,40.13166675,-75.13372959,41.5999984741211,3,WIFI
00:26:b8:ae:97:17,Nelson,[WEP],2013-08-25 16:42:31,6,-89,40.13166675,-75.13372959,41.5999984741211,3,WIFI
e2:46:9a:62:a2:6c,WelcomeFriends,,2013-08-25 16:42:33,11,-96,40.13174456,-75.1336042,38.7999992370605,2,WIFI
e0:46:9a:62:a2:6f,Roslyn,[WPA2-PSK-CCMP],2013-08-25 16:42:33,11,-93,40.13174456,-75.1336042,38.7999992370605,2,WIFI
00:18:01:f7:15:7c,Y5P84,[WEP],2013-08-25 16:42:33,6,-91,40.13174456,-75.1336042,38.7999992370605,2,WIFI
00:1f:90:f2:fa:d4,MJ7D3,[WEP],2013-08-25 16:42:35,1,-96,40.13182831,-75.13351834,38.7999992370605,2,WIFI
00:18:01:ff:30:69,57EQ7,[WEP],2013-08-25 16:42:35,6,-92,40.13182831,-75.13351834,38.7999992370605,2,WIFI
00:26:f2:91:54:58,Franks_Network,[WPA2-PSK-CCMP][WPS][WPS],2013-08-25 16:42:37,2,-93,40.13188775,-75.1334604,39.4000015258789,2,WIFI
f8:e4:fb:20:3e:ee,2TNZ4,[WPA2-PSK-CCMP],2013-08-25 16:42:37,6,-92,40.13188775,-75.1334604,39.4000015258789,2,WIFI
00:1d:d5:d5:e2:50,fighome,[WPA-PSK-TKIP+CCMP][WPA2-PSK-TKIP+CCMP][WPS][WPS],2013-08-25 16:42:37,11,-84,40.13188775,-75.1334604,39.4000015258789,2,WIFI
78:cd:8e:2b:1b:68,HOME-1B68,[WPA-PSK-TKIP+CCMP][WPA2-PSK-TKIP+CCMP][WPS][WPS],2013-08-25 16:42:39,1,-92,40.13191359,-75.13341388,39.7000007629395,3,WIFI
c8:d7:19:23:fb:07,Lukin,[WPA-PSK-TKIP][WPA2-PSK-CCMP][WPS][WPS],2013-08-25 16:42:39,11,-92,40.13191359,-75.13341388,39.7000007629395,3,WIFI
310410_2976_142425095,AT&T,HSDPA;us,2013-08-25 16:42:39,0,-87,40.13191359,-75.13341388,39.7000007629395,3,GSM
00:18:01:f7:ff:40,HK3I4,[WEP],2013-08-25 16:42:45,6,-94,40.13175246,-75.13308405,40.9000015258789,3,WIFI
00:7f:28:54:b1:a4,HWLV9,[WPA2-PSK-CCMP],2013-08-25 16:42:45,6,-93,40.13175246,-75.13308405,40.9000015258789,3,WIFI
0c:d5:02:8d:28:f2,11FX02128532,[WEP],2013-08-25 16:42:45,6,-93,40.13175246,-75.13308405,40.9000015258789,3,WIFI
00:1f:90:e0:94:39,WY508,[WEP],2013-08-25 16:42:45,1,-91,40.13175246,-75.13308405,40.9000015258789,3,WIFI
00:17:3f:bd:1d:be,belkin54g,[WPA-PSK-TKIP],2013-08-25 16:42:47,11,-91,40.13167611,-75.13294365,40.7000007629395,4,WIFI
34:a8:4e:c3:2c:10,CiscoE,[WPA-PSK-TKIP],2013-08-25 16:42:49,8,-97,40.13159903,-75.13281406,41,3,WIFI
00:26:62:aa:f2:f6,5J4O6,[WEP],2013-08-25 16:42:49,6,-96,40.13159903,-75.13281406,41,3,WIFI
20:4e:7f:89:a3:72,20817787,[WPA2-PSK-CCMP][WPS][WPS],2013-08-25 16:42:51,2,-95,40.13153423,-75.13270869,40.5999984741211,3,WIFI
e0:46:9a:77:59:c8,owensplace,[WPA2-PSK-CCMP][WPS][WPS],2013-08-25 16:42:51,1,-94,40.13153423,-75.13270869,40.5999984741211,3,WIFI
00:1f:90:f7:c1:80,EI1I3,[WEP],2013-08-25 16:42:53,6,-94,40.13147575,-75.13259396,40.7999992370605,4,WIFI
4c:60:de:36:40:73,Edgewood,[WPA2-PSK-CCMP][WPS][WPS],2013-08-25 16:42:53,1,-93,40.13147575,-75.13259396,40.7999992370605,4,WIFI
00:7f:28:d5:76:18,29MSP,[WPA2-PSK-CCMP],2013-08-25 16:42:53,6,-92,40.13147575,-75.13259396,40.7999992370605,4,WIFI
00:26:62:86:c1:0a,58A95,[WEP],2013-08-25 16:42:53,6,-91,40.13147575,-75.13259396,40.7999992370605,4,WIFI
00:1f:90:f7:fd:c0,JB3I3,[WEP],2013-08-25 16:42:55,6,-96,40.13145468,-75.13254293,41.0999984741211,3,WIFI
00:1f:90:f2:fa:d4,MJ7D3,[WEP],2013-08-25 16:42:57,1,-96,40.13140972,-75.13244739,40.7999992370605,4,WIFI
00:18:01:ff:30:69,57EQ7,[WEP],2013-08-25 16:42:57,6,-95,40.13140972,-75.13244739,40.7999992370605,4,WIFI
f8:e4:fb:20:3e:ee,2TNZ4,[WPA2-PSK-CCMP],2013-08-25 16:42:57,6,-84,40.13140972,-75.13244739,40.7999992370605,4,WIFI
00:7f:28:06:4b:c3,WMXL2,[WEP],2013-08-25 16:42:59,6,-86,40.13134312,-75.1323092,41.4000015258789,4,WIFI
310410_2976_142425095,AT&T,HSDPA;us,2013-08-25 16:42:59,0,-87,40.13134312,-75.1323092,41.4000015258789,4,GSM
00:18:01:fa:9c:d7,182Z61,[WEP],2013-08-25 16:43:07,11,-93,40.13109353,-75.13184176,45.2000007629395,4,WIFI
00:1f:90:e0:94:39,WY508,[WEP],2013-08-25 16:43:07,1,-92,40.13109353,-75.13184176,45.2000007629395,4,WIFI
00:7f:28:df:d8:0b,BCJRQ,[WPA2-PSK-CCMP],2013-08-25 16:43:07,6,-88,40.13109353,-75.13184176,45.2000007629395,4,WIFI
00:17:3f:bd:1d:be,belkin54g,[WPA-PSK-TKIP],2013-08-25 16:43:08,11,-93,40.13103913,-75.13176307,44.7000007629395,4,WIFI
00:1f:90:cf:b1:58,ULTN5,[WEP],2013-08-25 16:43:10,1,-97,40.1309579,-75.13158246,42.5999984741211,3,WIFI
d8:9d:67:c4:98:c2,HP-Print-C2-Photosmart 5520,,2013-08-25 16:43:10,11,-95,40.1309579,-75.13158246,42.5999984741211,3,WIFI
20:4e:7f:89:a3:72,20817787,[WPA2-PSK-CCMP][WPS][WPS],2013-08-25 16:43:10,2,-86,40.1309579,-75.13158246,42.5999984741211,3,WIFI
f8:e4:fb:8a:48:8f,FXLTG,[WPA2-PSK-CCMP],2013-08-25 16:43:12,6,-91,40.13085911,-75.13143971,43.4000015258789,3,WIFI
00:1f:90:e0:68:9a,CND70,[WEP],2013-08-25 16:43:14,1,-96,40.13076398,-75.13127968,44.0999984741211,3,WIFI
310410_2976_142425095,AT&T,HSDPA;us,2013-08-25 16:43:14,0,-87,40.13076398,-75.13127968,44.0999984741211,3,GSM
00:26:b8:98:9f:86,4D56J,[WEP],2013-08-25 16:43:16,6,-93,40.1306673,-75.13111384,44,2,WIFI
00:18:01:f4:26:86,9I4O3,[WEP],2013-08-25 16:43:18,1,-98,40.13056084,-75.13092283,43.7999992370605,3,WIFI
00:18:01:f3:f0:43,QCON3,[WEP],2013-08-25 16:43:18,6,-94,40.13056084,-75.13092283,43.7999992370605,3,WIFI
00:18:01:f7:1e:37,CW494,[WEP],2013-08-25 16:43:18,11,-92,40.13056084,-75.13092283,43.7999992370605,3,WIFI
00:1c:b3:af:72:da,1379 Wireless,[WPA-PSK-TKIP][WPA2-PSK-TKIP+CCMP],2013-08-25 16:43:20,9,-96,40.13043453,-75.13074623,44.7000007629395,5,WIFI
00:18:01:fb:d9:7f,YJ937,[WEP],2013-08-25 16:43:20,1,-95,40.13043453,-75.13074623,44.7000007629395,5,WIFI
00:18:01:f8:11:3c,RI9J4,[WEP],2013-08-25 16:43:20,11,-91,40.13043453,-75.13074623,44.7000007629395,5,WIFI
00:1f:90:e4:a3:9b,BJCJ0,[WEP],2013-08-25 16:43:22,11,-94,40.13034714,-75.13059486,42.9000015258789,4,WIFI
20:c9:d0:1c:15:ad,fish hunter,[WPA2-PSK-CCMP],2013-08-25 16:43:22,1,-91,40.13034714,-75.13059486,42.9000015258789,4,WIFI
00:09:5b:eb:5e:20,karbach,[WPA-PSK-TKIP],2013-08-25 16:43:22,6,-89,40.13034714,-75.13059486,42.9000015258789,4,WIFI
00:7f:28:77:fe:a3,CRG5F,[WPA2-PSK-CCMP],2013-08-25 16:43:24,11,-96,40.13022439,-75.13042179,43.7999992370605,4,WIFI
20:4e:7f:89:a3:72,20817787,[WPA2-PSK-CCMP][WPS][WPS],2013-08-25 16:43:24,2,-96,40.13022439,-75.13042179,43.7999992370605,4,WIFI
00:18:01:f7:f1:5c,6BOH4,[WEP],2013-08-25 16:43:24,1,-96,40.13022439,-75.13042179,43.7999992370605,4,WIFI
00:18:01:f7:f0:ea,UCOH4,[WEP],2013-08-25 16:43:24,6,-94,40.13022439,-75.13042179,43.7999992370605,4,WIFI
00:18:01:f3:8b:a2,KQOK3,[WEP],2013-08-25 16:43:24,11,-93,40.13022439,-75.13042179,43.7999992370605,4,WIFI
20:aa:4b:c1:c5:1e,home-guest,,2013-08-25 16:43:26,6,-94,40.13014237,-75.13027919,44,4,WIFI
00:18:01:f7:e8:9c,WHQI4,[WEP],2013-08-25 16:43:26,1,-92,40.13014237,-75.13027919,44,4,WIFI
00:18:01:f6:d6:19,G6U54,,2013-08-25 16:43:26,6,-92,40.13014237,-75.13027919,44,4,WIFI
310410_2976_142425095,AT&T,HSDPA;us,2013-08-25 16:43:26,0,-87,40.13014237,-75.13027919,44,4,GSM
e0:91:f5:12:4e:90,NETGEAR,[WPA2-PSK-CCMP][WPS][WPS],2013-08-25 16:43:29,11,-97,40.13007796,-75.13016593,43.0999984741211,4,WIFI
20:aa:4b:c1:c5:1c,home,[WPA-PSK-TKIP+CCMP][WPA2-PSK-TKIP+CCMP][WPS][WPS],2013-08-25 16:43:29,6,-95,40.13007796,-75.13016593,43.0999984741211,4,WIFI
00:0e:3b:20:3c:9a,Ireland Range Extender,[WPA2-PSK-CCMP-preauth],2013-08-25 16:43:29,11,-94,40.13007796,-75.13016593,43.0999984741211,4,WIFI
00:1f:90:eb:43:19,JZUX1,[WEP],2013-08-25 16:43:29,1,-93,40.13007796,-75.13016593,43.0999984741211,4,WIFI
00:26:f3:8b:eb:08,Chloe,[WPA-PSK-TKIP+CCMP][WPA2-PSK-TKIP+CCMP][WPS][WPS],2013-08-25 16:43:29,1,-92,40.13007796,-75.13016593,43.0999984741211,4,WIFI
f8:e4:fb:83:47:93,P5S6G,[WPA2-PSK-CCMP],2013-08-25 16:43:30,6,-94,40.13005335,-75.13010889,42.4000015258789,3,WIFI
310410_2976_142425095,AT&T,HSDPA;us,2013-08-25 16:44:32,0,-89,40.1326484,-75.12560404,37.7000007629395,8,GSM
00:0d:67:22:9f:ed,xfinitywifi,,2013-08-25 16:44:33,11,-90,40.13274056,-75.12549718,37.9000015258789,8,WIFI
00:1f:90:eb:6b:80,Z3OZ1,[WEP],2013-08-25 16:44:33,11,-89,40.13274056,-75.12549718,37.9000015258789,8,WIFI
00:02:6f:bf:3e:c0,omnicomp,[WPA2-PSK-CCMP],2013-08-25 16:44:33,11,-86,40.13274056,-75.12549718,37.9000015258789,8,WIFI
08:86:3b:5f:c5:30,belkin.530,[WPA-PSK-CCMP][WPA2-PSK-CCMP][WPS][WPS],2013-08-25 16:44:36,1,-93,40.13295994,-75.12528167,38.7000007629395,7,WIFI
00:1f:90:f8:40:24,1J0G3,[WEP],2013-08-25 16:44:36,11,-90,40.13295994,-75.12528167,38.7000007629395,7,WIFI
00:1f:90:e5:55:ce,FGBO0,[WEP],2013-08-25 16:44:36,6,-89,40.13295994,-75.12528167,38.7000007629395,7,WIFI
00:7f:28:c3:fb:2e,Yellow1,[WPA2-PSK-CCMP],2013-08-25 16:44:36,6,-88,40.13295994,-75.12528167,38.7000007629395,7,WIFI
00:18:39:86:6d:ff,linksys,[WEP],2013-08-25 16:44:38,6,-94,40.13303253,-75.12520484,38.5999984741211,5,WIFI
00:26:b8:3d:e7:fa,LGYE2,[WEP],2013-08-25 16:44:42,11,-94,40.13312411,-75.12514549,43.5999984741211,15,WIFI
68:bc:0c:0a:b1:d1,SussmanCustomer,,2013-08-25 16:44:44,1,-94,40.13311568,-75.12515267,43.2999992370605,13,WIFI
68:bc:0c:0a:b1:d0,SUMAZ,[WPA-EAP-TKIP],2013-08-25 16:44:46,1,-96,40.13311295,-75.12517454,43.0999984741211,7,WIFI
00:26:b8:ae:95:e5,3T57L,[WEP],2013-08-25 16:44:46,11,-96,40.13311295,-75.12517454,43.0999984741211,7,WIFI
00:26:62:40:52:1c,7KCI2,[WEP],2013-08-25 16:44:50,6,-96,40.13309304,-75.12516166,43.5999984741211,8,WIFI
00:26:b8:27:cf:06,D1XJ1,[WEP],2013-08-25 16:44:56,6,-92,40.13314004,-75.12500575,44.5,5,WIFI
00:18:01:ee:97:50,J9OL2,[WEP],2013-08-25 16:45:01,6,-94,40.13348482,-75.12469396,44.0999984741211,6,WIFI
00:7f:28:eb:2e:25,VQYSR,[WPA2-PSK-CCMP],2013-08-25 16:45:01,6,-92,40.13348482,-75.12469396,44.0999984741211,6,WIFI
00:1e:e5:f6:aa:d1,Yale Willow Grove,[WEP],2013-08-25 16:45:01,11,-92,40.13348482,-75.12469396,44.0999984741211,6,WIFI
310410_2976_142424786,AT&T,HSDPA;us,2013-08-25 16:45:01,0,-91,40.13348482,-75.12469396,44.0999984741211,6,GSM
00:26:b8:39:4e:d7,UXH82,[WEP],2013-08-25 16:45:02,1,-94,40.13356083,-75.12463719,44.2000007629395,6,WIFI
00:1f:90:eb:6b:80,Z3OZ1,[WEP],2013-08-25 16:45:05,11,-92,40.13384614,-75.12440836,47.9000015258789,3,WIFI
310410_2976_142425095,AT&T,HSDPA;us,2013-08-25 16:45:05,0,-85,40.13384614,-75.12440836,47.9000015258789,3,GSM
00:26:b8:a2:a3:dd,2Y24K,[WEP],2013-08-25 16:45:07,1,-94,40.13402437,-75.12420889,52.2000007629395,3,WIFI
00:7f:28:c3:fb:2e,Yellow1,[WPA2-PSK-CCMP],2013-08-25 16:45:07,6,-91,40.13402437,-75.12420889,52.2000007629395,3,WIFI
68:bc:0c:0a:66:e1,SussmanCustomer,,2013-08-25 16:45:07,5,-87,40.13402437,-75.12420889,52.2000007629395,3,WIFI
68:bc:0c:0a:66:e0,SUMAZ,[WPA-EAP-TKIP],2013-08-25 16:45:07,5,-84,40.13402437,-75.12420889,52.2000007629395,3,WIFI
00:1b:2f:f1:d3:4a,NETGEAR,[WPA-PSK-TKIP],2013-08-25 16:45:09,11,-95,40.13419927,-75.12403992,54.4000015258789,3,WIFI
00:26:62:3b:ef:b2,LU6C2,[WEP],2013-08-25 16:45:09,1,-95,40.13419927,-75.12403992,54.4000015258789,3,WIFI
00:1f:90:b2:17:d8,0IXC5,[WEP],2013-08-25 16:45:09,1,-94,40.13419927,-75.12403992,54.4000015258789,3,WIFI
68:bc:0c:0a:b1:d1,SussmanCustomer,,2013-08-25 16:45:09,1,-94,40.13419927,-75.12403992,54.4000015258789,3,WIFI
00:26:62:b8:4c:20,ZIV67,[WEP],2013-08-25 16:45:11,11,-98,40.13443891,-75.12382749,54.9000015258789,3,WIFI
a0:21:b7:b7:39:e2,Sunshine64,[WPA-PSK-TKIP+CCMP][WPA2-PSK-TKIP+CCMP][WPS][WPS],2013-08-25 16:45:11,2,-96,40.13443891,-75.12382749,54.9000015258789,3,WIFI
44:94:fc:49:fd:84,fredGEAR49,[WPA2-PSK-CCMP][WPS][WPS],2013-08-25 16:45:11,8,-95,40.13443891,-75.12382749,54.9000015258789,3,WIFI
00:26:62:e1:37:88,RIC91,[WEP],2013-08-25 16:45:11,1,-95,40.13443891,-75.12382749,54.9000015258789,3,WIFI
00:7f:28:e4:bb:e5,5FN7R,[WPA2-PSK-CCMP],2013-08-25 16:45:11,11,-94,40.13443891,-75.12382749,54.9000015258789,3,WIFI
00:1f:90:ef:02:06,ESKL2,[WEP],2013-08-25 16:45:11,11,-93,40.13443891,-75.12382749,54.9000015258789,3,WIFI
00:18:01:f6:ea:e9,PQ974,[WEP],2013-08-25 16:45:11,6,-93,40.13443891,-75.12382749,54.9000015258789,3,WIFI
00:1d:cf:26:15:b0,HOME-15B2,[WPA-PSK-TKIP+CCMP][WPA2-PSK-TKIP+CCMP][WPS][WPS],2013-08-25 16:45:11,1,-92,40.13443891,-75.12382749,54.9000015258789,3,WIFI
00:1f:90:d7:fe:c4,HWQD4,[WEP],2013-08-25 16:45:13,1,-82,40.13465574,-75.12361534,55.7000007629395,2,WIFI
00:26:b8:34:fe:83,USF22,[WEP],2013-08-25 16:45:15,6,-96,40.13488066,-75.12340673,56.4000015258789,2,WIFI
00:1e:31:c9:f8:96,ClearSPOT_9f896,[WPA-PSK-TKIP+CCMP][WPA2-PSK-TKIP+CCMP],2013-08-25 16:45:15,4,-95,40.13488066,-75.12340673,56.4000015258789,2,WIFI
00:1f:90:eb:6b:80,Z3OZ1,[WEP],2013-08-25 16:45:15,11,-94,40.13488066,-75.12340673,56.4000015258789,2,WIFI
68:7f:74:a4:d5:3d,LittleEagle,[WPA-PSK-TKIP+CCMP][WPA2-PSK-TKIP+CCMP][WPS][WPS],2013-08-25 16:45:15,6,-93,40.13488066,-75.12340673,56.4000015258789,2,WIFI
68:7f:74:a4:d5:3e,LittleEagle-guest,,2013-08-25 16:45:15,6,-93,40.13488066,-75.12340673,56.4000015258789,2,WIFI
00:1d:d1:0e:6a:e0,HOME-6AE2,[WPA-PSK-TKIP+CCMP][WPA2-PSK-TKIP+CCMP][WPS][WPS],2013-08-25 16:45:15,1,-91,40.13488066,-75.12340673,56.4000015258789,2,WIFI
310410_2976_142424787,AT&T,HSDPA;us,2013-08-25 16:45:15,0,-83,40.13488066,-75.12340673,56.4000015258789,2,GSM
00:1e:31:c4:c9:bf,ClearSPOT_4c9bf,[WPA-PSK-TKIP+CCMP][WPA2-PSK-TKIP+CCMP],2013-08-25 16:45:17,3,-96,40.13509834,-75.12318632,56.7999992370605,3,WIFI
00:1f:90:e0:64:62,ZIS08,[WEP],2013-08-25 16:45:17,6,-94,40.13509834,-75.12318632,56.7999992370605,3,WIFI
00:26:b8:a2:a3:dd,2Y24K,[WEP],2013-08-25 16:45:17,1,-93,40.13509834,-75.12318632,56.7999992370605,3,WIFI
00:1f:90:b2:17:d8,0IXC5,[WEP],2013-08-25 16:45:19,1,-82,40.13530494,-75.12295091,59.4000015258789,3,WIFI
00:18:01:fb:62:89,MKC17,[WEP],2013-08-25 16:45:21,11,-96,40.13551594,-75.12274921,60.0999984741211,3,WIFI
00:26:f2:8f:36:ad,george-PC-Wireless,[WPA-PSK-TKIP+CCMP][WPA2-PSK-TKIP+CCMP][WPS][WPS],2013-08-25 16:45:23,2,-97,40.1357222,-75.12252891,61.7999992370605,4,WIFI
ae:04:9f:da:fa:a9,airportthru,[IBSS],2013-08-25 16:45:25,10,-93,40.1359316,-75.12232261,63,4,WIFI
00:7f:28:59:e2:c4,Taurus,[WPA-PSK-CCMP][WPA2-PSK-CCMP],2013-08-25 16:45:25,1,-88,40.1359316,-75.12232261,63,4,WIFI
310410_2976_142424787,AT&T,HSDPA;us,2013-08-25 16:45:25,0,-79,40.1359316,-75.12232261,63,4,GSM
00:26:62:e1:a6:ac,6Y291,[WEP],2013-08-25 16:45:27,11,-90,40.13614841,-75.12212628,61.4000015258789,3,WIFI
00:18:f8:f8:61:74,Abby,[WPA2-PSK-CCMP],2013-08-25 16:45:27,6,-86,40.13614841,-75.12212628,61.4000015258789,3,WIFI
00:26:b8:18:45:f9,NachoInternet,[WEP],2013-08-25 16:45:29,6,-93,40.13634856,-75.12193179,61.5,5,WIFI
00:0d:67:14:9a:7c,optimumwifi,,2013-08-25 16:45:29,1,-92,40.13634856,-75.12193179,61.5,5,WIFI
00:0d:67:14:9a:7d,TWCWiFi,,2013-08-25 16:45:29,1,-92,40.13634856,-75.12193179,61.5,5,WIFI
00:1f:90:ef:b9:f4,3DZ72,[WEP],2013-08-25 16:45:31,1,-96,40.13657782,-75.12171882,61,8,WIFI
00:1c:d7:3e:6a:82,Audi64721,[WPA2-PSK-CCMP],2013-08-25 16:45:31,1,-92,40.13657782,-75.12171882,61,8,WIFI
00:26:b8:15:d3:62,DONU0,[WEP],2013-08-25 16:45:31,6,-87,40.13657782,-75.12171882,61,8,WIFI
00:0d:67:15:e8:71,optimumwifi,,2013-08-25 16:45:33,11,-90,40.13680255,-75.12149981,59.7999992370605,6,WIFI
20:10:7a:11:2c:89,OSMI,[WPA2-PSK-TKIP+CCMP],2013-08-25 16:45:35,9,-94,40.13701606,-75.12131366,59.5,5,WIFI
00:0d:67:15:e8:72,TWCWiFi,,2013-08-25 16:45:35,11,-94,40.13701606,-75.12131366,59.5,5,WIFI
310410_2976_142424787,AT&T,HSDPA;us,2013-08-25 16:45:35,0,-69,40.13701606,-75.12131366,59.5,5,GSM
e0:91:f5:f4:a5:2b,NETGEAR,[WPA2-PSK-CCMP][WPS][WPS],2013-08-25 16:45:37,11,-95,40.13721635,-75.12110933,59.7999992370605,4,WIFI
00:26:62:59:ab:bf,QGYH3,[WEP],2013-08-25 16:45:37,6,-95,40.13721635,-75.12110933,59.7999992370605,4,WIFI
00:0d:67:15:e8:6f,xfinitywifi,,2013-08-25 16:45:37,11,-89,40.13721635,-75.12110933,59.7999992370605,4,WIFI
00:0d:67:15:e8:70,CableWiFi,,2013-08-25 16:45:37,11,-89,40.13721635,-75.12110933,59.7999992370605,4,WIFI
68:7f:74:e9:fb:e4,Active,[WPA-PSK-TKIP][WPS][WPS],2013-08-25 16:45:37,6,-88,40.13721635,-75.12110933,59.7999992370605,4,WIFI
00:1f:90:ed:ab:49,5V572,[WEP],2013-08-25 16:45:37,11,-88,40.13721635,-75.12110933,59.7999992370605,4,WIFI
f8:e4:fb:8a:a4:0d,3SKVG,[WPA2-PSK-CCMP],2013-08-25 16:45:37,6,-86,40.13721635,-75.12110933,59.7999992370605,4,WIFI
310410_2976_142424786,AT&T,HSDPA;us,2013-08-25 16:45:37,0,-69,40.13721635,-75.12110933,59.7999992370605,4,GSM
00:7f:28:32:d8:92,T8NQ6,[WEP],2013-08-25 16:45:39,6,-95,40.13741584,-75.12089521,58.9000015258789,3,WIFI
b8:9b:c9:49:e5:18,HOME-E518,[WPA-PSK-TKIP+CCMP][WPA2-PSK-TKIP+CCMP][WPS][WPS],2013-08-25 16:45:39,1,-94,40.13741584,-75.12089521,58.9000015258789,3,WIFI
00:0d:67:14:9a:7d,TWCWiFi,,2013-08-25 16:45:39,1,-91,40.13741584,-75.12089521,58.9000015258789,3,WIFI
00:1f:90:ea:89:84,ZUNS1,[WEP],2013-08-25 16:45:39,11,-88,40.13741584,-75.12089521,58.9000015258789,3,WIFI
00:0d:67:14:9a:7a,xfinitywifi,,2013-08-25 16:45:39,1,-87,40.13741584,-75.12089521,58.9000015258789,3,WIFI
00:23:97:24:4c:74,salon antrell,[WEP],2013-08-25 16:45:41,6,-93,40.13763955,-75.1206696,56.4000015258789,3,WIFI
00:14:bf:eb:61:08,linksys,,2013-08-25 16:45:41,6,-89,40.13763955,-75.1206696,56.4000015258789,3,WIFI
f8:e4:fb:89:34:da,LZPQG,[WPA-PSK-CCMP][WPA2-PSK-CCMP],2013-08-25 16:45:43,6,-95,40.13784621,-75.1204575,57.4000015258789,4,WIFI
00:0d:67:15:e8:71,optimumwifi,,2013-08-25 16:45:43,11,-86,40.13784621,-75.1204575,57.4000015258789,4,WIFI
00:0d:67:15:e8:72,TWCWiFi,,2013-08-25 16:45:45,11,-75,40.13799806,-75.12024033,53.7000007629395,4,WIFI
00:26:62:59:ab:bf,QGYH3,[WEP],2013-08-25 16:45:47,6,-94,40.1381616,-75.12001001,51.2000007629395,4,WIFI
e0:91:f5:f4:a5:2b,NETGEAR,[WPA2-PSK-CCMP][WPS][WPS],2013-08-25 16:45:47,11,-93,40.1381616,-75.12001001,51.2000007629395,4,WIFI
00:0d:67:15:e8:70,CableWiFi,,2013-08-25 16:45:47,11,-81,40.1381616,-75.12001001,51.2000007629395,4,WIFI
00:0d:67:15:e8:6f,xfinitywifi,,2013-08-25 16:45:47,11,-76,40.1381616,-75.12001001,51.2000007629395,4,WIFI
310410_2976_142424786,AT&T,HSDPA;us,2013-08-25 16:45:47,0,-71,40.1381616,-75.12001001,51.2000007629395,4,GSM
00:0d:67:14:a9:7c,optimumwifi,,2013-08-25 16:45:49,11,-95,40.13831565,-75.11977917,50.5999984741211,4,WIFI
00:7f:28:4c:3d:a1,H6W39,[WPA2-PSK-CCMP],2013-08-25 16:45:49,6,-93,40.13831565,-75.11977917,50.5999984741211,4,WIFI
00:14:bf:eb:61:08,linksys,,2013-08-25 16:45:51,6,-90,40.13843416,-75.11954299,51,6,WIFI
00:23:97:24:4c:74,salon antrell,[WEP],2013-08-25 16:45:51,6,-88,40.13843416,-75.11954299,51,6,WIFI
00:1f:90:ff:b4:50,ZQQ56,[WEP],2013-08-25 16:45:53,1,-94,40.13851162,-75.11940511,53.5,5,WIFI
00:0d:67:14:a9:7d,TWCWiFi,,2013-08-25 16:45:53,11,-92,40.13851162,-75.11940511,53.5,5,WIFI
00:0d:67:15:e8:71,optimumwifi,,2013-08-25 16:45:53,11,-67,40.13851162,-75.11940511,53.5,5,WIFI
e8:89:2c:de:f3:90,HOME-F392,[WPA-PSK-TKIP+CCMP][WPA2-PSK-TKIP+CCMP][WPS][WPS],2013-08-25 16:45:55,1,-91,40.13857387,-75.11930298,55,5,WIFI
00:0d:67:14:a9:7a,xfinitywifi,,2013-08-25 16:45:57,11,-90,40.13864456,-75.11920444,53.7000007629395,4,WIFI
00:0d:67:15:e8:72,TWCWiFi,,2013-08-25 16:45:57,11,-68,40.13864456,-75.11920444,53.7000007629395,4,WIFI
00:7f:28:32:d8:92,T8NQ6,[WEP],2013-08-25 16:45:59,6,-96,40.13871486,-75.11908781,52.7000007629395,3,WIFI
00:24:6c:d1:70:81,DaVita-Team,[WPA2-EAP-CCMP],2013-08-25 16:45:59,1,-94,40.13871486,-75.11908781,52.7000007629395,3,WIFI
00:26:62:46:56:2a,PRSQ2,[WEP],2013-08-25 16:46:01,6,-95,40.1388372,-75.11894329,51.7000007629395,3,WIFI
00:24:6c:d1:70:80,DaVita-Guest,,2013-08-25 16:46:01,1,-91,40.1388372,-75.11894329,51.7000007629395,3,WIFI
00:0d:67:15:e8:70,CableWiFi,,2013-08-25 16:46:01,11,-55,40.1388372,-75.11894329,51.7000007629395,3,WIFI
00:0d:67:15:e8:6f,xfinitywifi,,2013-08-25 16:46:01,11,-53,40.1388372,-75.11894329,51.7000007629395,3,WIFI
310410_2976_142424786,AT&T,HSDPA;us,2013-08-25 16:46:01,0,-73,40.1388372,-75.11894329,51.7000007629395,3,GSM
00:0d:67:14:a9:7c,optimumwifi,,2013-08-25 16:46:03,11,-89,40.13897712,-75.11876182,52.0999984741211,2,WIFI
00:0d:67:14:a9:7b,CableWiFi,,2013-08-25 16:46:05,11,-90,40.13909421,-75.11860403,51.7999992370605,3,WIFI
40:01:c6:da:f9:c0,Wireless,[WPA2-PSK-CCMP-preauth],2013-08-25 16:46:07,2,-95,40.13921337,-75.11845496,51.4000015258789,4,WIFI
00:23:97:24:4c:74,salon antrell,[WEP],2013-08-25 16:46:07,6,-88,40.13921337,-75.11845496,51.4000015258789,4,WIFI
08:86:3b:21:47:c2,belkin.7c2,[WPA-PSK-CCMP][WPA2-PSK-CCMP][WPS][WPS],2013-08-25 16:46:09,1,-96,40.13932621,-75.1182995,51.9000015258789,4,WIFI
84:1b:5e:02:fc:05,NETGEAR19,[WPA2-PSK-CCMP][WPS][WPS],2013-08-25 16:46:09,7,-94,40.13932621,-75.1182995,51.9000015258789,4,WIFI
00:0d:67:14:a9:7d,TWCWiFi,,2013-08-25 16:46:09,11,-77,40.13932621,-75.1182995,51.9000015258789,4,WIFI
00:0d:67:15:e8:71,optimumwifi,,2013-08-25 16:46:09,11,-70,40.13932621,-75.1182995,51.9000015258789,4,WIFI
00:16:b6:4f:07:ea,Wireless,[WPA-PSK-TKIP],2013-08-25 16:46:11,4,-95,40.13944523,-75.11819913,49.9000015258789,3,WIFI
00:0d:67:1a:66:a6,attwifi,,2013-08-25 16:46:11,6,-93,40.13944523,-75.11819913,49.9000015258789,3,WIFI
00:c0:ca:4a:41:82,xY8t2uG,[WPA-EAP-CCMP][WPA2-EAP-CCMP],2013-08-25 16:46:11,9,-87,40.13944523,-75.11819913,49.9000015258789,3,WIFI
00:0d:67:14:a9:7a,xfinitywifi,,2013-08-25 16:46:11,11,-79,40.13944523,-75.11819913,49.9000015258789,3,WIFI
00:0d:67:15:e8:72,TWCWiFi,,2013-08-25 16:46:11,11,-75,40.13944523,-75.11819913,49.9000015258789,3,WIFI
00:02:6f:c5:0a:18,Wireless,[WPA2-PSK-CCMP],2013-08-25 16:46:20,7,-92,40.13976818,-75.11806048,47.4000015258789,3,WIFI
00:0d:67:15:e8:6f,xfinitywifi,,2013-08-25 16:46:23,11,-85,40.13986832,-75.11789213,47.7999992370605,3,WIFI
00:0d:67:15:e8:70,CableWiFi,,2013-08-25 16:46:23,11,-81,40.13986832,-75.11789213,47.7999992370605,3,WIFI
310410_2976_142424786,AT&T,HSDPA;us,2013-08-25 16:46:23,0,-73,40.13986832,-75.11789213,47.7999992370605,3,GSM
00:0d:67:14:9a:7d,TWCWiFi,,2013-08-25 16:46:25,1,-95,40.13990084,-75.11781549,49.2000007629395,3,WIFI
00:18:39:68:d7:63,ThisOldHouse,[WPA-PSK-TKIP+CCMP][WPA2-PSK-TKIP+CCMP],2013-08-25 16:46:25,6,-92,40.13990084,-75.11781549,49.2000007629395,3,WIFI
6c:f3:7f:19:f6:84,TempTrak,[WPA2-PSK-CCMP],2013-08-25 16:46:26,1,-96,40.13991587,-75.11778551,49.7999992370605,7,WIFI
00:1d:d6:a0:67:f0,HOME-1918,[WPA-PSK-TKIP+CCMP][WPA2-PSK-TKIP+CCMP][WPS][WPS],2013-08-25 16:46:26,6,-89,40.13991587,-75.11778551,49.7999992370605,7,WIFI
00:26:62:46:56:2a,PRSQ2,[WEP],2013-08-25 16:46:48,6,-95,40.13994324,-75.11778307,50.2999992370605,5,WIFI
00:0d:67:14:a9:7c,optimumwifi,,2013-08-25 16:48:02,11,-75,40.13995622,-75.11771687,53.7000007629395,6,WIFI
00:15:ff:30:fe:3e,MIFI-LIBERATE-HJ4V,[WPA2-PSK-CCMP],2013-08-25 16:48:13,1,-96,40.14030796,-75.1173259,51.4000015258789,6,WIFI
5c:0e:8b:e8:fa:90,unknown,[WPA-PSK-TKIP][WPA2-PSK-TKIP],2013-08-25 16:48:13,6,-88,40.14030796,-75.1173259,51.4000015258789,6,WIFI
34:c8:03:1b:85:96,NOKIA Lumia 920,[WPA2-PSK-CCMP][WPS][WPS],2013-08-25 16:48:13,6,-84,40.14030796,-75.1173259,51.4000015258789,6,WIFI
34:a8:4e:1f:f2:31,SSW,[WPA2-EAP-CCMP],2013-08-25 16:48:13,11,-80,40.14030796,-75.1173259,51.4000015258789,6,WIFI
54:78:1a:32:76:d1,SSW,[WPA2-EAP-CCMP],2013-08-25 16:48:13,1,-79,40.14030796,-75.1173259,51.4000015258789,6,WIFI
34:a8:4e:1f:f2:30,RetailWiFi,[WPA2-PSK-CCMP],2013-08-25 16:48:13,11,-79,40.14030796,-75.1173259,51.4000015258789,6,WIFI
00:0d:67:14:a9:7b,CableWiFi,,2013-08-25 16:48:13,11,-74,40.14030796,-75.1173259,51.4000015258789,6,WIFI
00:a0:0a:af:a1:cd,VSSEPTA,[WPA2-PSK-CCMP-preauth],2013-08-25 16:48:15,11,-96,40.14036253,-75.11729847,49.5999984741211,5,WIFI
40:01:c6:da:f9:c0,Wireless,[WPA2-PSK-CCMP-preauth],2013-08-25 16:48:15,2,-91,40.14036253,-75.11729847,49.5999984741211,5,WIFI
08:86:3b:21:47:c2,belkin.7c2,[WPA-PSK-CCMP][WPA2-PSK-CCMP][WPS][WPS],2013-08-25 16:48:15,1,-90,40.14036253,-75.11729847,49.5999984741211,5,WIFI
84:1b:5e:02:fc:05,NETGEAR19,[WPA2-PSK-CCMP][WPS][WPS],2013-08-25 16:48:15,7,-87,40.14036253,-75.11729847,49.5999984741211,5,WIFI
00:0d:67:15:e8:71,optimumwifi,,2013-08-25 16:48:15,11,-86,40.14036253,-75.11729847,49.5999984741211,5,WIFI
54:78:1a:32:76:d0,RetailWiFi,[WPA2-PSK-CCMP],2013-08-25 16:48:15,1,-81,40.14036253,-75.11729847,49.5999984741211,5,WIFI
00:0d:67:14:a9:7d,TWCWiFi,,2013-08-25 16:48:15,11,-74,40.14036253,-75.11729847,49.5999984741211,5,WIFI
00:c0:ca:4a:41:82,xY8t2uG,[WPA-EAP-CCMP][WPA2-EAP-CCMP],2013-08-25 16:48:19,9,-88,40.1404403,-75.11717575,49.2999992370605,4,WIFI
00:0d:67:14:a9:7a,xfinitywifi,,2013-08-25 16:48:19,11,-75,40.1404403,-75.11717575,49.2999992370605,4,WIFI
00:0d:67:1a:66:a6,attwifi,,2013-08-25 16:48:19,6,-72,40.1404403,-75.11717575,49.2999992370605,4,WIFI
00:0d:67:15:e8:72,TWCWiFi,,2013-08-25 16:48:21,11,-90,40.14039147,-75.11716879,50.0999984741211,3,WIFI
00:1f:90:f4:1b:b8,lolnetsnot4u,[WPA-PSK-TKIP+CCMP],2013-08-25 16:48:34,1,-95,40.13960485,-75.11797808,45.7000007629395,3,WIFI
00:c0:ca:4a:41:82,xY8t2uG,[WPA-EAP-CCMP][WPA2-EAP-CCMP],2013-08-25 16:48:37,9,-91,40.1393978,-75.11827337,45.0999984741211,4,WIFI
00:0d:67:1a:66:a6,attwifi,,2013-08-25 16:48:37,6,-90,40.1393978,-75.11827337,45.0999984741211,4,WIFI
00:0d:67:14:a9:7a,xfinitywifi,,2013-08-25 16:48:37,11,-86,40.1393978,-75.11827337,45.0999984741211,4,WIFI
00:0d:67:15:e8:72,TWCWiFi,,2013-08-25 16:48:37,11,-75,40.1393978,-75.11827337,45.0999984741211,4,WIFI
5c:0e:8b:e8:fa:90,unknown,[WPA-PSK-TKIP][WPA2-PSK-TKIP],2013-08-25 16:48:39,6,-91,40.13924304,-75.11848579,44.2999992370605,5,WIFI
00:7f:28:33:ba:c9,R42T6,[WPA2-PSK-CCMP],2013-08-25 16:48:39,6,-90,40.13924304,-75.11848579,44.2999992370605,5,WIFI
00:0d:67:14:a9:7d,TWCWiFi,,2013-08-25 16:48:39,11,-83,40.13924304,-75.11848579,44.2999992370605,5,WIFI
00:0d:67:14:a9:7b,CableWiFi,,2013-08-25 16:48:39,11,-81,40.13924304,-75.11848579,44.2999992370605,5,WIFI
00:0d:67:15:e8:71,optimumwifi,,2013-08-25 16:48:39,11,-62,40.13924304,-75.11848579,44.2999992370605,5,WIFI
00:26:b8:44:4e:42,L2YN2,[WEP],2013-08-25 16:48:43,6,-95,40.13896517,-75.11883923,43.7999992370605,7,WIFI
00:0d:67:14:a9:7c,optimumwifi,,2013-08-25 16:48:43,11,-81,40.13896517,-75.11883923,43.7999992370605,7,WIFI
00:26:62:59:ab:bf,QGYH3,[WEP],2013-08-25 16:48:45,6,-96,40.13884483,-75.11899748,44.7000007629395,8,WIFI
00:0d:67:15:e8:6f,xfinitywifi,,2013-08-25 16:48:45,11,-66,40.13884483,-75.11899748,44.7000007629395,8,WIFI
00:0d:67:15:e8:70,CableWiFi,,2013-08-25 16:48:45,11,-65,40.13884483,-75.11899748,44.7000007629395,8,WIFI
310410_2976_142424786,AT&T,HSDPA;us,2013-08-25 16:48:45,0,-73,40.13884483,-75.11899748,44.7000007629395,8,GSM
b4:c7:99:14:f8:61,FDS020,[WEP],2013-08-25 16:48:47,6,-90,40.1387727,-75.1191388,44.5,6,WIFI
00:0d:67:15:e8:72,TWCWiFi,,2013-08-25 16:48:49,11,-64,40.13876341,-75.11932373,45.7999992370605,5,WIFI
b4:c7:99:14:f8:67,Bloomingdalesfreewifi,,2013-08-25 16:48:57,6,-88,40.13879553,-75.11937854,46.2999992370605,3,WIFI
00:26:f3:69:9b:d8,HOME-9BD8,[WPA-PSK-TKIP+CCMP][WPA2-PSK-TKIP+CCMP][WPS][WPS],2013-08-25 16:49:55,7,-97,40.13879046,-75.11940996,45.7000007629395,3,WIFI
00:0d:67:15:e8:71,optimumwifi,,2013-08-25 16:50:01,11,-74,40.1388349,-75.1195084,45.7999992370605,3,WIFI
00:0d:67:14:9a:7a,xfinitywifi,,2013-08-25 16:50:03,1,-95,40.13879411,-75.11963914,45.5,2,WIFI
00:23:97:24:4c:74,salon antrell,[WEP],2013-08-25 16:50:03,6,-92,40.13879411,-75.11963914,45.5,2,WIFI
f8:e4:fb:8a:a4:0d,3SKVG,[WPA2-PSK-CCMP],2013-08-25 16:50:10,6,-94,40.13837741,-75.12013718,48.7000007629395,2,WIFI
00:0d:67:15:e8:70,CableWiFi,,2013-08-25 16:50:10,11,-86,40.13837741,-75.12013718,48.7000007629395,2,WIFI
310410_2976_142424786,AT&T,HSDPA;us,2013-08-25 16:50:10,0,-73,40.13837741,-75.12013718,48.7000007629395,2,GSM
b4:c7:99:14:f8:61,FDS020,[WEP],2013-08-25 16:50:15,6,-93,40.13787347,-75.12060867,49.5999984741211,2,WIFI
00:1f:90:d7:11:60,M1RA4,[WEP],2013-08-25 16:50:15,1,-92,40.13787347,-75.12060867,49.5999984741211,2,WIFI
00:0d:67:15:e8:6f,xfinitywifi,,2013-08-25 16:50:15,11,-88,40.13787347,-75.12060867,49.5999984741211,2,WIFI
00:0d:67:15:e8:71,optimumwifi,,2013-08-25 16:50:15,11,-86,40.13787347,-75.12060867,49.5999984741211,2,WIFI
00:0d:67:15:e8:72,TWCWiFi,,2013-08-25 16:50:15,11,-86,40.13787347,-75.12060867,49.5999984741211,2,WIFI
00:14:bf:eb:61:08,linksys,,2013-08-25 16:50:15,6,-84,40.13787347,-75.12060867,49.5999984741211,2,WIFI
00:26:62:59:ab:bf,QGYH3,[WEP],2013-08-25 16:50:17,6,-95,40.137668,-75.12080537,50.2999992370605,3,WIFI
00:0d:67:14:9a:7b,CableWiFi,,2013-08-25 16:50:17,1,-88,40.137668,-75.12080537,50.2999992370605,3,WIFI
00:0d:67:14:9a:7a,xfinitywifi,,2013-08-25 16:50:17,1,-86,40.137668,-75.12080537,50.2999992370605,3,WIFI
00:7f:28:4c:3d:a1,H6W39,[WPA2-PSK-CCMP],2013-08-25 16:50:19,6,-95,40.1374571,-75.12101307,50.5,3,WIFI
00:0d:67:14:9a:7c,optimumwifi,,2013-08-25 16:50:19,1,-89,40.1374571,-75.12101307,50.5,3,WIFI
e0:91:f5:f4:a5:2b,NETGEAR,[WPA2-PSK-CCMP][WPS][WPS],2013-08-25 16:50:19,11,-88,40.1374571,-75.12101307,50.5,3,WIFI
f8:e4:fb:8a:a4:0d,3SKVG,[WPA2-PSK-CCMP],2013-08-25 16:50:21,6,-85,40.13724721,-75.12120568,50.4000015258789,3,WIFI
00:0d:67:15:e8:70,CableWiFi,,2013-08-25 16:50:21,11,-82,40.13724721,-75.12120568,50.4000015258789,3,WIFI
310410_2976_142424786,AT&T,HSDPA;us,2013-08-25 16:50:21,0,-73,40.13724721,-75.12120568,50.4000015258789,3,GSM
00:26:62:5d:a6:ab,EQJN3,[WEP],2013-08-25 16:50:24,6,-95,40.13680496,-75.12159342,52.2000007629395,3,WIFI
00:0d:67:15:e8:72,TWCWiFi,,2013-08-25 16:50:24,11,-84,40.13680496,-75.12159342,52.2000007629395,3,WIFI
00:0d:67:15:e8:71,optimumwifi,,2013-08-25 16:50:24,11,-83,40.13680496,-75.12159342,52.2000007629395,3,WIFI
00:0d:67:15:e8:6f,xfinitywifi,,2013-08-25 16:50:24,11,-82,40.13680496,-75.12159342,52.2000007629395,3,WIFI
00:1d:d3:c2:cf:80,kwoods201,[WPA-PSK-TKIP+CCMP][WPA2-PSK-TKIP+CCMP][WPS][WPS],2013-08-25 16:50:27,11,-92,40.13657777,-75.12181088,53.2000007629395,4,WIFI
310410_2976_142424786,AT&T,HSDPA;us,2013-08-25 16:50:31,0,-73,40.13615895,-75.12224787,53.9000015258789,3,GSM
310410_2976_142424786,AT&T,HSDPA;us,2013-08-25 16:50:43,0,-73,40.13498285,-75.12340548,56.2000007629395,8,GSM
00:26:62:76:29:e3,6AZL4,[WEP],2013-08-25 16:50:47,6,-94,40.13455976,-75.12381103,54.4000015258789,5,WIFI
00:26:b8:a2:a3:dd,2Y24K,[WEP],2013-08-25 16:50:51,1,-91,40.13411945,-75.12426518,54.5999984741211,4,WIFI
310410_2976_142424786,AT&T,HSDPA;us,2013-08-25 16:50:53,0,-73,40.13393714,-75.12445821,55.2999992370605,4,GSM
00:1f:90:eb:6b:80,Z3OZ1,[WEP],2013-08-25 16:50:54,11,-95,40.13385178,-75.12452101,54.2999992370605,4,WIFI
310410_2976_142424786,AT&T,HSDPA;us,2013-08-25 16:51:06,0,-73,40.13285794,-75.12550578,56.2000007629395,3,GSM
00:1f:90:eb:6b:80,Z3OZ1,[WEP],2013-08-25 16:51:06,11,-97,40.1327702,-75.12558603,55.7000007629395,4,WIFI
00:26:b8:a5:80:c4,S2RCK,[WEP],2013-08-25 16:51:06,6,-93,40.1327702,-75.12558603,55.7000007629395,4,WIFI
78:cd:8e:22:13:18,Diondra,[WPA-PSK-TKIP+CCMP][WPA2-PSK-TKIP+CCMP][WPS][WPS],2013-08-25 16:51:06,1,-89,40.1327702,-75.12558603,55.7000007629395,4,WIFI
00:1f:90:e4:ab:26,NG3J0,[WEP],2013-08-25 16:51:06,6,-89,40.1327702,-75.12558603,55.7000007629395,4,WIFI
00:0d:67:22:9f:ee,CableWiFi,,2013-08-25 16:51:06,11,-89,40.1327702,-75.12558603,55.7000007629395,4,WIFI
00:26:b8:bd:76:25,Q25LM,[WEP],2013-08-25 16:51:09,6,-93,40.13258572,-75.12577669,52.2000007629395,3,WIFI
00:1f:90:e4:e6:87,MI0L0,[WEP],2013-08-25 16:51:11,11,-93,40.13239491,-75.12595885,50.0999984741211,3,WIFI
ec:1a:59:2e:27:b6,belkin.7b6,[WPA2-PSK-CCMP][WPS][WPS],2013-08-25 16:51:11,6,-89,40.13239491,-75.12595885,50.0999984741211,3,WIFI
00:1f:90:b9:23:24,HMIV5,[WEP],2013-08-25 16:51:11,6,-86,40.13239491,-75.12595885,50.0999984741211,3,WIFI
00:26:b8:48:b9:57,UH5U2,[WEP],2013-08-25 16:51:13,11,-91,40.1322012,-75.12616022,48.9000015258789,3,WIFI
00:1f:90:e9:af:a6,BigTop,[WEP],2013-08-25 16:51:15,11,-95,40.1319905,-75.12635942,47.2000007629395,3,WIFI
00:1f:90:c7:64:68,LOTUS_Race_Team,[WEP],2013-08-25 16:51:15,1,-95,40.1319905,-75.12635942,47.2000007629395,3,WIFI
00:a0:f8:a8:3c:4d,101,,2013-08-25 16:51:15,11,-95,40.1319905,-75.12635942,47.2000007629395,3,WIFI
10:8c:cf:76:99:80,SUHWG,[WPA-EAP-TKIP],2013-08-25 16:51:15,8,-91,40.1319905,-75.12635942,47.2000007629395,3,WIFI
f0:25:72:70:dc:20,SUHWG,[WPA-EAP-TKIP],2013-08-25 16:51:15,3,-90,40.1319905,-75.12635942,47.2000007629395,3,WIFI
b8:9b:c9:99:fe:d8,yetman,[WPA2-PSK-CCMP][WPS][WPS],2013-08-25 16:51:17,1,-90,40.13177648,-75.12657427,45.2000007629395,3,WIFI
310410_2976_142424786,AT&T,HSDPA;us,2013-08-25 16:51:17,0,-73,40.13177648,-75.12657427,45.2000007629395,3,GSM
00:26:f2:15:b4:ae,netgear,[WEP],2013-08-25 16:51:19,11,-94,40.13156118,-75.12678097,44.2000007629395,3,WIFI
c0:3f:0e:68:8d:e2,KENISHPATEL,[WPA-PSK-TKIP+CCMP][WPA2-PSK-TKIP+CCMP][WPS][WPS],2013-08-25 16:51:19,11,-93,40.13156118,-75.12678097,44.2000007629395,3,WIFI
00:26:f2:28:15:58,CPQ27273403220-Wireless,[WEP],2013-08-25 16:51:19,6,-87,40.13156118,-75.12678097,44.2000007629395,3,WIFI
f8:e4:fb:1c:ec:f9,SleepyCabin,[WPA-PSK-CCMP][WPA2-PSK-CCMP],2013-08-25 16:51:19,6,-81,40.13156118,-75.12678097,44.2000007629395,3,WIFI
00:0d:67:2e:fc:7a,CableWiFi,,2013-08-25 16:51:19,1,-81,40.13156118,-75.12678097,44.2000007629395,3,WIFI
c0:c1:c0:a4:ce:f7,SussmanCustomer,[WPS][WPS],2013-08-25 16:51:21,1,-92,40.131346,-75.12699012,42.9000015258789,3,WIFI
68:86:a7:47:6a:c0,25017802-dt00,[WPA2-PSK-TKIP+CCMP],2013-08-25 16:51:23,11,-91,40.13112734,-75.12721136,41,3,WIFI
00:26:62:5d:28:75,WSUM3,[WEP],2013-08-25 16:51:23,6,-90,40.13112734,-75.12721136,41,3,WIFI
00:26:b8:48:b9:57,UH5U2,[WEP],2013-08-25 16:51:23,11,-83,40.13112734,-75.12721136,41,3,WIFI
10:8c:cf:76:99:80,SUHWG,[WPA-EAP-TKIP],2013-08-25 16:51:26,8,-97,40.13081362,-75.12750625,38.7999992370605,3,WIFI
48:f8:b3:1f:36:44,linksys,,2013-08-25 16:51:26,6,-97,40.13081362,-75.12750625,38.7999992370605,3,WIFI
c0:c1:c0:f5:b7:da,Lee's Moving,[WPA2-PSK-CCMP][WPS][WPS],2013-08-25 16:51:26,6,-96,40.13081362,-75.12750625,38.7999992370605,3,WIFI
b8:9b:c9:9d:9c:78,HOME-9C78,[WPA-PSK-TKIP+CCMP][WPA2-PSK-TKIP+CCMP][WPS][WPS],2013-08-25 16:51:26,1,-89,40.13081362,-75.12750625,38.7999992370605,3,WIFI
00:26:62:6a:64:54,F0G54,[WEP],2013-08-25 16:51:26,11,-89,40.13081362,-75.12750625,38.7999992370605,3,WIFI
00:26:62:4f:3c:db,QVA33,[WEP],2013-08-25 16:51:27,1,-93,40.13070843,-75.12761042,38.9000015258789,3,WIFI
f8:e4:fb:94:08:ba,KRSQH,[WPA2-PSK-CCMP],2013-08-25 16:51:27,11,-92,40.13070843,-75.12761042,38.9000015258789,3,WIFI
b8:9b:c9:99:fe:d8,yetman,[WPA2-PSK-CCMP][WPS][WPS],2013-08-25 16:51:27,1,-91,40.13070843,-75.12761042,38.9000015258789,3,WIFI
c0:c1:c0:f5:b7:db,Lee's Moving-guest,,2013-08-25 16:51:27,6,-91,40.13070843,-75.12761042,38.9000015258789,3,WIFI
310410_2976_142424786,AT&T,HSDPA;us,2013-08-25 16:51:27,0,-73,40.13070843,-75.12761042,38.9000015258789,3,GSM
00:17:f2:e6:29:9f,Northstar,[WPA-PSK-TKIP][WPA2-PSK-TKIP+CCMP],2013-08-25 16:51:29,6,-96,40.13050474,-75.12782045,39.2000007629395,3,WIFI
c4:3d:c7:94:13:34,Mark,[WPA2-PSK-CCMP][WPS][WPS],2013-08-25 16:51:29,1,-94,40.13050474,-75.12782045,39.2000007629395,3,WIFI
00:26:f2:28:15:58,CPQ27273403220-Wireless,[WEP],2013-08-25 16:51:29,6,-94,40.13050474,-75.12782045,39.2000007629395,3,WIFI
f8:e4:fb:9c:ff:a3,3CWKJ,[WPA2-PSK-CCMP],2013-08-25 16:51:29,11,-90,40.13050474,-75.12782045,39.2000007629395,3,WIFI
00:1d:d2:42:6a:40,HOME-6A42,[WPA-PSK-TKIP+CCMP][WPA2-PSK-TKIP+CCMP][WPS][WPS],2013-08-25 16:51:29,1,-89,40.13050474,-75.12782045,39.2000007629395,3,WIFI
00:26:f2:15:b4:ae,netgear,[WEP],2013-08-25 16:51:29,11,-83,40.13050474,-75.12782045,39.2000007629395,3,WIFI
c0:3f:0e:68:8d:e2,KENISHPATEL,[WPA-PSK-TKIP+CCMP][WPA2-PSK-TKIP+CCMP][WPS][WPS],2013-08-25 16:51:29,11,-67,40.13050474,-75.12782045,39.2000007629395,3,WIFI
00:26:b8:52:76:29,KWT73,[WEP],2013-08-25 16:51:31,1,-94,40.13029447,-75.12802699,38.5,3,WIFI
00:26:62:68:82:e6,fletchers,[WEP],2013-08-25 16:51:31,6,-91,40.13029447,-75.12802699,38.5,3,WIFI
f8:e4:fb:81:11:7a,FTTYF,[WPA2-PSK-CCMP],2013-08-25 16:51:31,11,-89,40.13029447,-75.12802699,38.5,3,WIFI
00:12:0e:90:a1:dd,07FX10077238,[WEP],2013-08-25 16:51:31,6,-89,40.13029447,-75.12802699,38.5,3,WIFI
00:26:f3:67:8c:b8,LENBEL,[WPA-PSK-TKIP+CCMP][WPA2-PSK-TKIP+CCMP][WPS][WPS],2013-08-25 16:51:31,1,-84,40.13029447,-75.12802699,38.5,3,WIFI
84:1b:5e:50:50:9a,NETGEAR62,[WPA2-PSK-CCMP][WPS][WPS],2013-08-25 16:51:33,7,-90,40.1300774,-75.1282435,36.5,4,WIFI
f8:e4:fb:04:bd:72,QDRG2,[WPA2-PSK-CCMP],2013-08-25 16:51:33,6,-89,40.1300774,-75.1282435,36.5,4,WIFI
00:1e:2a:5a:bd:d4,Taylor,[WPA-PSK-TKIP+CCMP][WPA2-PSK-TKIP+CCMP],2013-08-25 16:51:35,1,-95,40.12986812,-75.12844491,37.7999992370605,5,WIFI
00:7f:28:60:61:ad,XNZXB,[WPA2-PSK-CCMP],2013-08-25 16:51:35,11,-92,40.12986812,-75.12844491,37.7999992370605,5,WIFI
00:1f:90:c9:5a:dc,YLP35,[WEP],2013-08-25 16:51:35,11,-91,40.12986812,-75.12844491,37.7999992370605,5,WIFI
00:1f:90:e5:50:10,ZZQK0,[WEP],2013-08-25 16:51:35,1,-89,40.12986812,-75.12844491,37.7999992370605,5,WIFI
00:1f:90:f3:93:c8,2FZE3,[WEP],2013-08-25 16:51:37,1,-95,40.12967873,-75.1286344,36.4000015258789,4,WIFI
00:0e:3b:20:3c:9a,Ireland Range Extender,[WPA2-PSK-CCMP-preauth],2013-08-25 16:51:37,11,-90,40.12967873,-75.1286344,36.4000015258789,4,WIFI
00:22:3f:96:cb:e6,Wireless,[WPA-PSK-TKIP+CCMP][WPA2-PSK-TKIP+CCMP],2013-08-25 16:51:37,2,-90,40.12967873,-75.1286344,36.4000015258789,4,WIFI
00:0d:67:15:c4:dc,TWCWiFi,,2013-08-25 16:51:37,6,-90,40.12967873,-75.1286344,36.4000015258789,4,WIFI
00:0d:67:15:c4:d9,xfinitywifi,,2013-08-25 16:51:37,6,-89,40.12967873,-75.1286344,36.4000015258789,4,WIFI
00:26:62:4f:3c:db,QVA33,[WEP],2013-08-25 16:51:37,1,-88,40.12967873,-75.1286344,36.4000015258789,4,WIFI
00:0d:67:15:c4:db,optimumwifi,,2013-08-25 16:51:37,6,-88,40.12967873,-75.1286344,36.4000015258789,4,WIFI
310410_2976_142424786,AT&T,HSDPA;us,2013-08-25 16:51:37,0,-73,40.12967873,-75.1286344,36.4000015258789,4,GSM
f8:e4:fb:1e:04:27,G3PS4,[WPA2-PSK-CCMP],2013-08-25 16:51:39,1,-88,40.12950611,-75.12879449,36.2999992370605,4,WIFI
00:1b:2f:ab:cd:a5,NETGEAR - 0,,2013-08-25 16:51:39,1,-88,40.12950611,-75.12879449,36.2999992370605,4,WIFI
00:0d:67:15:c4:da,CableWiFi,,2013-08-25 16:51:39,6,-87,40.12950611,-75.12879449,36.2999992370605,4,WIFI
00:26:62:f2:06:e0,SILVERMOONPIZZA,[WEP],2013-08-25 16:51:41,11,-97,40.12942731,-75.12890155,37.0999984741211,4,WIFI
f8:e4:fb:0e:0d:0e,8YRB3,[WPA2-PSK-CCMP],2013-08-25 16:51:41,6,-88,40.12942731,-75.12890155,37.0999984741211,4,WIFI
00:26:f3:8b:eb:08,Chloe,[WPA-PSK-TKIP+CCMP][WPA2-PSK-TKIP+CCMP][WPS][WPS],2013-08-25 16:51:43,1,-94,40.12942098,-75.12903883,37,3,WIFI
00:18:01:f3:8b:a2,KQOK3,[WEP],2013-08-25 16:51:43,11,-89,40.12942098,-75.12903883,37,3,WIFI
00:26:62:68:82:e6,fletchers,[WEP],2013-08-25 16:51:43,6,-87,40.12942098,-75.12903883,37,3,WIFI
f8:e4:fb:1e:03:40,HSNS4,[WPA2-PSK-CCMP],2013-08-25 16:51:45,1,-95,40.1294925,-75.12913884,35.5999984741211,3,WIFI
58:6d:8f:94:f2:85,Prime1,[WPA-PSK-TKIP+CCMP][WPA2-PSK-TKIP+CCMP][WPS][WPS],2013-08-25 16:51:45,11,-93,40.1294925,-75.12913884,35.5999984741211,3,WIFI
00:26:f3:45:52:58,HOME-5258,[WPA2-PSK-TKIP],2013-08-25 16:51:48,1,-95,40.12963502,-75.12940672,36,3,WIFI
f8:e4:fb:94:2b:51,W96RH,[WPA2-PSK-CCMP],2013-08-25 16:51:48,6,-88,40.12963502,-75.12940672,36,3,WIFI
84:1b:5e:50:50:9a,NETGEAR62,[WPA2-PSK-CCMP][WPS][WPS],2013-08-25 16:51:51,7,-95,40.129805,-75.12970171,35.0999984741211,3,WIFI
00:1c:b3:af:72:da,1379 Wireless,[WPA-PSK-TKIP][WPA2-PSK-TKIP+CCMP],2013-08-25 16:51:51,9,-92,40.129805,-75.12970171,35.0999984741211,3,WIFI
00:0d:67:15:c4:d9,xfinitywifi,,2013-08-25 16:51:51,6,-91,40.129805,-75.12970171,35.0999984741211,3,WIFI
00:0e:3b:20:3c:9a,Ireland Range Extender,[WPA2-PSK-CCMP-preauth],2013-08-25 16:51:51,11,-90,40.129805,-75.12970171,35.0999984741211,3,WIFI
310410_2976_142424786,AT&T,HSDPA;us,2013-08-25 16:51:51,0,-73,40.129805,-75.12970171,35.0999984741211,3,GSM
00:1b:2f:ab:cd:a5,NETGEAR - 0,,2013-08-25 16:51:53,1,-96,40.12990629,-75.12987622,34.2000007629395,3,WIFI
00:18:01:f4:26:86,9I4O3,[WEP],2013-08-25 16:51:53,1,-94,40.12990629,-75.12987622,34.2000007629395,3,WIFI
00:0d:67:15:c4:db,optimumwifi,,2013-08-25 16:51:53,6,-92,40.12990629,-75.12987622,34.2000007629395,3,WIFI
00:0d:67:15:c4:da,CableWiFi,,2013-08-25 16:51:53,6,-91,40.12990629,-75.12987622,34.2000007629395,3,WIFI
f8:e4:fb:0e:0d:0e,8YRB3,[WPA2-PSK-CCMP],2013-08-25 16:51:56,6,-92,40.13003282,-75.13009465,32.2000007629395,5,WIFI
00:18:01:f3:8b:a2,KQOK3,[WEP],2013-08-25 16:51:56,11,-88,40.13003282,-75.13009465,32.2000007629395,5,WIFI
310410_2976_142425095,AT&T,HSDPA;us,2013-08-25 16:53:38,0,-103,40.13093784,-75.13425283,44.2000007629395,14,GSM
00:18:01:f6:1f:79,CSW04,[WEP],2013-08-25 16:54:12,11,-94,40.13093785,-75.1342527,44.2000007629395,9,WIFI
00:1f:90:e3:09:e7,12Z70,[WEP],2013-08-25 17:41:36,1,-91,40.13093249,-75.13424423,44.5,14,WIFI
00:13:f7:12:74:fb,Pool,[WEP],2013-08-25 17:41:36,11,-82,40.13093249,-75.13424423,44.5,14,WIFI
00:7f:28:3e:0c:7e,fisher,[WEP],2013-08-25 17:41:36,6,-48,40.13093249,-75.13424423,44.5,14,WIFI
00:18:01:f1:ef:12,QS993,[WEP],2013-08-25 17:41:47,6,-93,40.13093247,-75.1342442,44.5,15,WIFI
00:18:01:ff:6b:63,TheChristopher's,[WEP],2013-08-25 17:47:09,1,-95,40.13093215,-75.13424323,44.5999984741211,8,WIFI
00:1f:90:b7:fb:fc,ZGES5,[WEP],2013-08-25 17:51:23,11,-96,40.13093161,-75.13424265,44.7000007629395,7,WIFI
9c:d3:6d:bb:a7:dd,NETGEAR02,[WPA2-PSK-CCMP][WPS][WPS],2013-08-25 17:51:48,7,-99,40.13093147,-75.13424256,44.7000007629395,6,WIFI
08:86:3b:62:a5:8e,belkin.58e,[WPA-PSK-CCMP][WPA2-PSK-CCMP][WPS][WPS],2013-08-25 18:08:55,1,-96,40.13093034,-75.13424047,44.7000007629395,14,WIFI
00:1f:90:e2:25:70,M5300,[WEP],2013-08-25 18:08:59,6,-96,40.13093034,-75.13424048,44.7000007629395,11,WIFI
310410_2968_142087253,AT&T,HSDPA;us,2013-08-28 14:25:35,0,-67,39.99105897,-75.10249735,-41.0999984741211,12,GSM
20:4e:7f:91:b1:2f,arg5,[WPA2-PSK-CCMP],2013-08-28 14:26:17,4,-99,39.99141331,-75.10219701,-37.5999984741211,8,WIFI
00:17:c5:50:a0:07,DynamicPT,[WPA-PSK-CCMP],2013-08-28 14:26:25,2,-93,39.99143703,-75.10213158,-37.7000007629395,5,WIFI
00:0d:67:46:d8:3f,xfinitywifi,,2013-08-28 14:26:31,1,-95,39.99143879,-75.10211845,-36.4000015258789,4,WIFI
e0:46:9a:45:43:f8,L0PYHD8C,[WPA2-PSK-CCMP][WPS][WPS],2013-08-28 14:26:45,11,-88,39.99178583,-75.10229527,-36.2999992370605,3,WIFI
310410_2968_142087253,AT&T,HSDPA;us,2013-08-28 14:26:53,0,-83,39.99207906,-75.10251214,-37.4000015258789,6,GSM
310410_2968_142087252,AT&T,HSDPA;us,2013-08-28 14:27:01,0,-79,39.99220241,-75.10266169,-36.7999992370605,4,GSM
00:11:50:08:9e:57,belkin54g,,2013-08-28 14:27:12,11,-93,39.99277007,-75.1031846,-35,4,WIFI
310410_2968_142087252,AT&T,HSDPA;us,2013-08-28 14:27:21,0,-71,39.9932468,-75.10358209,-36.2000007629395,6,GSM
310410_2968_142087252,AT&T,HSDPA;us,2013-08-28 14:27:38,0,-81,39.99431652,-75.10456763,-34.5,7,GSM
08:86:3b:21:b6:6e,belkin.66e,[WPA2-PSK-CCMP][WPS][WPS],2013-08-28 14:27:44,11,-93,39.99463208,-75.10482446,-37.0999984741211,4,WIFI
0a:86:3b:21:b6:6f,belkin.66e.guests,[WPS][WPS],2013-08-28 14:27:44,11,-93,39.99463208,-75.10482446,-37.0999984741211,4,WIFI
24:db:ac:81:65:fd,T-Mobile myTouchQ 12,[WPA2-PSK-CCMP],2013-08-28 14:27:50,6,-96,39.99483165,-75.10500044,-38.0999984741211,4,WIFI
00:e0:98:fb:49:a7,ABC Screen Printing,[WEP],2013-08-28 14:27:50,6,-95,39.99483165,-75.10500044,-38.0999984741211,4,WIFI
00:7f:28:83:82:03,MXD7G,[WPA2-PSK-TKIP+CCMP],2013-08-28 14:27:50,6,-94,39.99483165,-75.10500044,-38.0999984741211,4,WIFI
84:1b:5e:d3:1c:c5,NETGEAR20,[WPA2-PSK-CCMP][WPS][WPS],2013-08-28 14:30:50,6,-95,39.99506665,-75.10515369,-28.6000003814697,4,WIFI
e8:3e:fc:d2:d2:50,HOME-D252,[WPA-PSK-TKIP+CCMP][WPA2-PSK-TKIP+CCMP][WPS][WPS],2013-08-28 14:30:52,1,-96,39.99513245,-75.10523138,-24.1000003814697,4,WIFI
ee:3e:fc:d2:d2:50,xfinitywifi,,2013-08-28 14:30:52,1,-95,39.99513245,-75.10523138,-24.1000003814697,4,WIFI
cc:b2:55:3c:67:56,ccb2553c6754,[WPA2-PSK-TKIP+CCMP][WPS][WPS],2013-08-28 14:30:56,6,-98,39.99529937,-75.10536905,-22.3999996185303,8,WIFI
00:a0:0a:ae:74:1d,VSSEPTA5547,[WPA2-PSK-CCMP-preauth],2013-08-28 14:30:58,11,-96,39.99535102,-75.10542601,-22.2000007629395,8,WIFI
00:7f:28:f6:86:87,3AAM9,[WEP],2013-08-28 14:30:58,6,-93,39.99535102,-75.10542601,-22.2000007629395,8,WIFI
310410_2968_142087252,AT&T,HSDPA;us,2013-08-28 14:30:58,0,-79,39.99535102,-75.10542601,-22.2000007629395,8,GSM
00:18:3a:e1:8f:6d,08FX11003156,[WEP],2013-08-28 14:31:42,6,-97,39.99556933,-75.10554471,-21.7999992370605,18,WIFI
310410_2968_142087254,AT&T,HSDPA;us,2013-08-28 14:31:53,0,-87,39.99510372,-75.10630948,-24.6000003814697,15,GSM
b8:9b:c9:42:91:68,HOME-916B,[WPA-PSK-TKIP+CCMP][WPA2-PSK-TKIP+CCMP][WPS][WPS],2013-08-28 14:31:55,11,-97,39.99493931,-75.10656327,-24.2999992370605,7,WIFI
20:10:7a:7a:31:f4,WiFiRSU_c4dfc,[WPA2-PSK-CCMP],2013-08-28 14:31:59,6,-90,39.99471291,-75.10700751,-25.7000007629395,4,WIFI
e0:46:9a:bb:79:c4,bestfitdoor,[WPA2-PSK-CCMP],2013-08-28 14:32:01,1,-95,39.99459542,-75.10719611,-21.2999992370605,4,WIFI
c0:c1:c0:9c:79:e2,Freshstart,[WPA2-PSK-CCMP][WPS][WPS],2013-08-28 14:32:03,11,-88,39.99450504,-75.10738315,-23.3999996185303,4,WIFI
310410_2968_142087254,AT&T,HSDPA;us,2013-08-28 14:32:03,0,-83,39.99450504,-75.10738315,-23.3999996185303,4,GSM
310410_2968_142087252,AT&T,HSDPA;us,2013-08-28 14:32:05,0,-77,39.99443354,-75.10752793,-24,5,GSM
00:18:3a:d2:34:f0,artyembroidery,[WEP],2013-08-28 14:32:07,6,-89,39.99437569,-75.10763276,-22.8999996185303,5,WIFI
c0:c1:c0:a6:f1:de,FancyMagnolia,[WPA-PSK-TKIP+CCMP][WPA2-PSK-TKIP+CCMP][WPS][WPS],2013-08-28 14:32:25,11,-92,39.99427603,-75.10780739,-21.8999996185303,7,WIFI
c0:c1:c0:a6:f1:df,FancyMagnolia-guest,,2013-08-28 14:32:25,11,-92,39.99427603,-75.10780739,-21.8999996185303,7,WIFI
310410_2968_142091249,AT&T,HSDPA;us,2013-08-28 14:32:25,0,-75,39.99427603,-75.10780739,-21.8999996185303,7,GSM
00:12:0e:86:15:77,07B408788333,[WEP],2013-08-28 14:32:26,6,-95,39.99422326,-75.10792869,-21.7999992370605,6,WIFI
310410_2968_142091251,AT&T,HSDPA;us,2013-08-28 14:32:26,0,-79,39.99422326,-75.10792869,-21.7999992370605,6,GSM
e0:91:f5:5e:3e:38,sharon-PC-Wireless,[WPA-PSK-TKIP+CCMP][WPA2-PSK-TKIP+CCMP][WPS][WPS],2013-08-28 14:32:32,1,-96,39.99387075,-75.10851496,-22.6000003814697,6,WIFI
30:46:9a:18:e4:18,JOSEMARI-PC-Wireless,[WPA-PSK-TKIP+CCMP][WPA2-PSK-TKIP+CCMP][WPS][WPS],2013-08-28 14:32:34,2,-92,39.99378064,-75.10871679,-22,8,WIFI
310410_2968_142091251,AT&T,HSDPA;us,2013-08-28 14:32:38,0,-81,39.99359977,-75.10910202,-22.1000003814697,12,GSM
02:2b:3b:ef:9a:e0,HP039592,[IBSS],2013-08-28 14:32:55,10,-100,39.99340339,-75.10944992,-20.1000003814697,7,WIFI
310410_2968_141698094,AT&T,HSDPA;us,2013-08-28 14:32:57,0,-93,39.99336554,-75.10952292,-19.7999992370605,9,GSM
00:26:62:80:e3:06,5J115,[WEP],2013-08-28 14:32:59,1,-89,39.99328185,-75.10962335,-19,7,WIFI
de:7a:f3:d5:3d:55,HPEECA26,[IBSS],2013-08-28 14:33:05,1,-99,39.99313356,-75.10996474,-18.3999996185303,7,WIFI
78:cd:8e:2b:0c:08,HOME-0C08,[WPA-PSK-TKIP+CCMP][WPA2-PSK-TKIP+CCMP][WPS][WPS],2013-08-28 14:33:05,11,-95,39.99313356,-75.10996474,-18.3999996185303,7,WIFI
82:b0:e4:f1:9e:38,HP07334F,[IBSS],2013-08-28 14:33:05,1,-95,39.99313356,-75.10996474,-18.3999996185303,7,WIFI
20:e5:2a:52:f5:63,A&Fphamacy,[WPA2-PSK-CCMP],2013-08-28 14:33:05,11,-92,39.99313356,-75.10996474,-18.3999996185303,7,WIFI
84:1b:5e:12:c8:6f,HOPE,[WPA-PSK-TKIP],2013-08-28 14:33:07,11,-95,39.99315934,-75.11002727,-20,7,WIFI
5a:64:34:dd:a6:ee,HP03325A,[IBSS],2013-08-28 14:33:07,1,-95,39.99315934,-75.11002727,-20,7,WIFI
b2:b2:72:6c:26:ca,HP03958E,[IBSS],2013-08-28 14:33:13,1,-95,39.99307775,-75.11007277,-17.7000007629395,8,WIFI
310410_2968_142091251,AT&T,HSDPA;us,2013-08-28 14:33:21,0,-79,39.99310734,-75.11010663,-16.8999996185303,15,GSM
c4:01:7c:02:43:78,LAMetroPCS,,2013-08-28 14:33:47,1,-94,39.99309783,-75.11011783,-16.8999996185303,12,WIFI
20:10:7a:c1:eb:48,MOTOROLA-B507B,[WPA2-PSK-CCMP][WPS][WPS],2013-08-28 14:33:55,1,-90,39.99274515,-75.1108031,-17.3999996185303,10,WIFI
310410_2968_142091251,AT&T,HSDPA;us,2013-08-28 14:33:59,0,-83,39.99249005,-75.11135489,-15.6999998092651,9,GSM
00:22:3f:99:ac:1c,AAAA,[WPA-PSK-TKIP+CCMP][WPA2-PSK-TKIP+CCMP][WPS][WPS],2013-08-28 14:34:05,3,-95,39.99219142,-75.11202019,-16.2999992370605,7,WIFI
00:1d:d4:eb:b3:10,HOME-B312,[WPA-PSK-TKIP+CCMP][WPA2-PSK-TKIP+CCMP][WPS][WPS],2013-08-28 14:34:05,11,-87,39.99219142,-75.11202019,-16.2999992370605,7,WIFI
06:1d:d4:eb:b3:10,xfinitywifi,,2013-08-28 14:34:05,11,-86,39.99219142,-75.11202019,-16.2999992370605,7,WIFI
ac:81:12:c1:7e:f6,WiFiRSU_e2,[WPA2-PSK-TKIP+CCMP],2013-08-28 14:34:07,9,-95,39.99209195,-75.11223989,-16.2000007629395,8,WIFI
310410_2968_142091251,AT&T,HSDPA;us,2013-08-28 14:34:09,0,-85,39.99197878,-75.11244782,-19.1000003814697,8,GSM
00:26:62:d7:30:5c,BN9E8,[WEP],2013-08-28 14:34:17,11,-95,39.99158371,-75.11334836,-19.2000007629395,9,WIFI
310410_2968_142091251,AT&T,HSDPA;us,2013-08-28 14:34:19,0,-89,39.99148503,-75.11353668,-18.5,8,GSM
00:7f:28:97:1c:c5,5N32J,[WPA2-PSK-TKIP+CCMP],2013-08-28 14:34:21,11,-95,39.9913913,-75.11376041,-19.2000007629395,10,WIFI
44:32:c8:8b:c7:64,HOME-C764,[WPA-PSK-TKIP+CCMP][WPA2-PSK-TKIP+CCMP][WPS][WPS],2013-08-28 14:34:21,11,-94,39.9913913,-75.11376041,-19.2000007629395,10,WIFI
00:26:f2:f5:72:67,Freshstart,[WPS][WPS][WEP],2013-08-28 14:34:23,4,-91,39.99128892,-75.11397557,-18.6000003814697,9,WIFI
20:10:7a:c9:3d:c1,Pearl,[WPA2-PSK-CCMP],2013-08-28 14:34:25,8,-95,39.99119739,-75.11417821,-18.7999992370605,8,WIFI
c4:39:3a:1c:c9:f8,HOME-C9F8,[WPA-PSK-TKIP+CCMP][WPA2-PSK-TKIP+CCMP][WPS][WPS],2013-08-28 14:34:29,1,-90,39.99105877,-75.11463524,-18.8999996185303,7,WIFI
310410_2968_142091251,AT&T,HSDPA;us,2013-08-28 14:34:29,0,-89,39.99105877,-75.11463524,-18.8999996185303,7,GSM
30:46:9a:16:cd:0e,paul,[WPA-PSK-TKIP+CCMP][WPA2-PSK-TKIP+CCMP][WPS][WPS],2013-08-28 14:34:33,2,-94,39.99088694,-75.11497541,-19.2999992370605,6,WIFI
310410_2968_141698344,AT&T,HSDPA;us,2013-08-28 14:34:33,0,-93,39.99088694,-75.11497541,-19.2999992370605,6,GSM
cc:b2:55:3c:7c:f8,ccb2553c7cf6,[WPA2-PSK-TKIP+CCMP][WPS][WPS],2013-08-28 14:34:37,11,-90,39.99072548,-75.11527462,-19.2999992370605,7,WIFI
20:10:7a:f2:a7:4a,WiFiRSU_ce262,[WPA2-PSK-CCMP],2013-08-28 14:34:39,7,-98,39.99071891,-75.11531207,-19.2000007629395,7,WIFI
00:1d:d3:2d:0b:d0,brown83,[WPA-PSK-TKIP+CCMP][WPA2-PSK-TKIP+CCMP][WPS][WPS],2013-08-28 14:34:39,6,-94,39.99071891,-75.11531207,-19.2000007629395,7,WIFI
06:1d:d3:2d:0b:d0,xfinitywifi,,2013-08-28 14:34:39,6,-89,39.99071891,-75.11531207,-19.2000007629395,7,WIFI
ac:81:12:64:5f:54,WiFiRSU_62,[WPA2-PSK-TKIP+CCMP],2013-08-28 14:34:41,9,-97,39.9907208,-75.11538924,-18.7000007629395,6,WIFI
310410_2982_141698043,AT&T,HSDPA;us,2013-08-28 14:34:43,0,-91,39.99073206,-75.11540262,-19,6,GSM
e8:89:2c:b7:62:10,HOME-6212,[WPA-PSK-TKIP+CCMP][WPA2-PSK-TKIP+CCMP][WPS][WPS],2013-08-28 14:34:50,1,-95,39.9907026,-75.11542683,-18.7999992370605,6,WIFI
ee:89:2c:b7:62:10,xfinitywifi,,2013-08-28 14:34:50,1,-94,39.9907026,-75.11542683,-18.7999992370605,6,WIFI
ee:3e:fc:d2:6b:d0,xfinitywifi,,2013-08-28 14:34:50,6,-94,39.9907026,-75.11542683,-18.7999992370605,6,WIFI
e8:3e:fc:d2:6b:d0,HOME-6BD2,[WPA-PSK-TKIP+CCMP][WPA2-PSK-TKIP+CCMP][WPS][WPS],2013-08-28 14:34:50,6,-93,39.9907026,-75.11542683,-18.7999992370605,6,WIFI
00:1d:cf:44:27:30,HOME-2732,[WPA-PSK-TKIP+CCMP][WPA2-PSK-TKIP+CCMP][WPS][WPS],2013-08-28 14:34:54,11,-96,39.99065859,-75.11555376,-19.3999996185303,6,WIFI
00:26:f2:9b:ee:5a,MIKE-HP_Network,[WPA2-PSK-CCMP][WPS][WPS],2013-08-28 14:34:56,3,-94,39.99061986,-75.11567681,-19.7000007629395,6,WIFI
f8:e4:fb:01:80:23,XX262,[WPA2-PSK-CCMP],2013-08-28 14:34:58,11,-94,39.9905738,-75.11580662,-20,6,WIFI
00:7f:28:8b:89:6f,2MYXG,[WPA2-PSK-TKIP+CCMP],2013-08-28 14:35:02,6,-87,39.99041896,-75.11613815,-20.3999996185303,6,WIFI
06:1d:d5:77:e5:80,xfinitywifi,,2013-08-28 14:35:04,1,-96,39.99036279,-75.11632909,-20.5,5,WIFI
00:1d:d5:bd:d0:60,HOME-D062,[WPA-PSK-TKIP+CCMP][WPA2-PSK-TKIP+CCMP][WPS][WPS],2013-08-28 14:35:06,11,-95,39.99029031,-75.11648207,-20.3999996185303,5,WIFI
06:1d:d5:bd:d0:60,xfinitywifi,,2013-08-28 14:35:06,11,-95,39.99029031,-75.11648207,-20.3999996185303,5,WIFI
310410_2982_141698043,AT&T,HSDPA;us,2013-08-28 14:35:06,0,-91,39.99029031,-75.11648207,-20.3999996185303,5,GSM
28:10:7b:a6:b3:73,28107ba6b371,[WPA2-PSK-TKIP+CCMP][WPS][WPS],2013-08-28 14:35:10,6,-97,39.99017608,-75.11675921,-20.7000007629395,6,WIFI
06:1d:d6:68:2a:70,xfinitywifi,,2013-08-28 14:35:12,2,-98,39.99013886,-75.11686065,-21,5,WIFI
00:26:b8:44:84:c9,jinfiols888,[WPA-PSK-CCMP][WPA2-PSK-CCMP],2013-08-28 14:35:12,6,-92,39.99013886,-75.11686065,-21,5,WIFI
e8:89:2c:d6:ff:50,HOME-FF52,[WPA-PSK-TKIP+CCMP][WPA2-PSK-TKIP+CCMP][WPS][WPS],2013-08-28 14:35:14,6,-94,39.99012649,-75.1169457,-20.8999996185303,5,WIFI
00:1d:d6:a1:0b:50,HOME-0B52,[WPA-PSK-TKIP+CCMP][WPA2-PSK-TKIP+CCMP][WPS][WPS],2013-08-28 14:35:14,11,-94,39.99012649,-75.1169457,-20.8999996185303,5,WIFI
ee:89:2c:d6:ff:50,xfinitywifi,,2013-08-28 14:35:14,6,-93,39.99012649,-75.1169457,-20.8999996185303,5,WIFI
06:1d:d6:a1:0b:50,xfinitywifi,,2013-08-28 14:35:14,11,-93,39.99012649,-75.1169457,-20.8999996185303,5,WIFI
c0:c1:c0:a6:3d:2a,pistoldelphia-guest,,2013-08-28 14:35:18,11,-93,39.99008826,-75.11704035,-20.2999992370605,5,WIFI
c0:c1:c0:a6:3d:28,pistoldelphia,[WPA-PSK-TKIP+CCMP][WPA2-PSK-TKIP+CCMP][WPS][WPS],2013-08-28 14:35:18,11,-92,39.99008826,-75.11704035,-20.2999992370605,5,WIFI
310410_2982_141698094,AT&T,HSDPA;us,2013-08-28 14:35:21,0,-89,39.99006753,-75.11709676,-19,6,GSM
310410_2982_141698344,AT&T,HSDPA;us,2013-08-28 14:35:23,0,-87,39.99005952,-75.1171211,-19.7000007629395,6,GSM
cc:a4:62:7d:10:40,HOME-1042,[WPA-PSK-TKIP+CCMP][WPA2-PSK-TKIP+CCMP][WPS][WPS],2013-08-28 14:35:25,1,-90,39.99004708,-75.11711031,-19.1000003814697,9,WIFI
00:18:39:fe:be:ad,linksys,[WEP],2013-08-28 14:35:36,6,-90,39.98999652,-75.11717392,-18.7000007629395,8,WIFI
310410_2982_142091251,AT&T,HSDPA;us,2013-08-28 14:35:37,0,-91,39.98994287,-75.11724593,-19.6000003814697,7,GSM
20:10:7a:9c:3f:fc,WiFiRSU_d5cfa,[WPA2-PSK-CCMP],2013-08-28 14:35:39,1,-90,39.98992512,-75.11745341,-23.5,9,WIFI
f8:e4:fb:0d:3a:5f,FTK83,[WPA2-PSK-CCMP],2013-08-28 14:35:40,6,-88,39.98990216,-75.11752148,-23,10,WIFI
08:86:3b:0c:e5:0b,belkin.50b,[WPA2-PSK-CCMP][WPS][WPS],2013-08-28 14:35:48,1,-97,39.98959003,-75.11832676,-21.3999996185303,8,WIFI
02:28:c8:29:7c:28,HPE710n.81E142,[IBSS],2013-08-28 14:35:48,6,-95,39.98959003,-75.11832676,-21.3999996185303,8,WIFI
310410_2982_142091251,AT&T,HSDPA;us,2013-08-28 14:35:48,0,-89,39.98959003,-75.11832676,-21.3999996185303,8,GSM
06:1d:d0:c8:a1:40,xfinitywifi,,2013-08-28 14:35:50,11,-95,39.98949658,-75.118615,-19.6000003814697,7,WIFI
00:1d:d0:c8:a1:40,HOME-A142,[WPA-PSK-TKIP+CCMP][WPA2-PSK-TKIP+CCMP][WPS][WPS],2013-08-28 14:35:50,11,-93,39.98949658,-75.118615,-19.6000003814697,7,WIFI
0a:86:3b:0c:e5:0c,belkin.50b.guests,[WPS][WPS],2013-08-28 14:35:50,1,-89,39.98949658,-75.118615,-19.6000003814697,7,WIFI
310410_2982_142091251,AT&T,HSDPA;us,2013-08-28 14:35:58,0,-89,39.98913112,-75.11957057,-19.5,9,GSM
310410_2982_141698344,AT&T,HSDPA;us,2013-08-28 14:36:01,0,-89,39.98906312,-75.11968681,-19.7999992370605,9,GSM
00:a0:0a:ae:74:1d,VSSEPTA5547,[WPA2-PSK-CCMP-preauth],2013-08-28 14:36:09,11,-94,39.98894774,-75.11967017,-12.1999998092651,8,WIFI
00:26:b8:a4:50:aa,BHK8K,[WEP],2013-08-28 14:36:13,6,-94,39.98893129,-75.11967437,-10.3999996185303,8,WIFI
00:a0:0a:ae:e9:7d,VSSEPTA5774,[WPA2-PSK-CCMP-preauth],2013-08-28 14:36:22,11,-95,39.98882971,-75.12005487,-10.6999998092651,11,WIFI
310410_2982_141698043,AT&T,HSDPA;us,2013-08-28 14:36:30,0,-95,39.988574,-75.11987242,-13.1000003814697,8,GSM
00:1f:33:c4:29:5f,Lavalle,[WPA-PSK-TKIP][WPA2-PSK-CCMP][WPS][WPS],2013-08-28 14:36:32,1,-97,39.98849023,-75.11981823,-13.1000003814697,6,WIFI
44:32:c8:5a:b7:ac,HOME-B7AC,[WPA-PSK-TKIP+CCMP][WPA2-PSK-TKIP+CCMP][WPS][WPS],2013-08-28 14:36:42,1,-96,39.98812502,-75.11952052,-20.1000003814697,6,WIFI
00:26:b8:23:ca:a2,DW9E1,[WEP],2013-08-28 14:36:42,1,-94,39.98812502,-75.11952052,-20.1000003814697,6,WIFI
28:c6:8e:74:a0:fa,NETGEAR97,[WPA2-PSK-CCMP][WPS][WPS],2013-08-28 14:36:44,7,-98,39.98802788,-75.11942101,-19.2999992370605,8,WIFI
18:87:96:55:a4:d4,HTC Amaze 4G 87,[WPA2-PSK-CCMP],2013-08-28 14:36:44,6,-96,39.98802788,-75.11942101,-19.2999992370605,8,WIFI
310410_2982_141698044,AT&T,HSDPA;us,2013-08-28 14:36:46,0,-91,39.98789988,-75.11932484,-19.2999992370605,6,GSM
00:1e:2a:5e:dc:20,NETGEAR,[WEP],2013-08-28 14:36:48,6,-85,39.98781839,-75.1192178,-19.6000003814697,5,WIFI
00:7f:28:f9:38:4d,sergio,[WPA-PSK-TKIP+CCMP][WPA2-PSK-TKIP+CCMP],2013-08-28 14:36:50,6,-95,39.98774735,-75.11913233,-19.7999992370605,6,WIFI
ec:1a:59:28:bd:ea,belkin.dea,[WPA2-PSK-CCMP][WPS][WPS],2013-08-28 14:36:50,11,-95,39.98774735,-75.11913233,-19.7999992370605,6,WIFI
f8:e4:fb:22:87:12,LMS75,[WPA2-PSK-CCMP],2013-08-28 14:36:50,11,-89,39.98774735,-75.11913233,-19.7999992370605,6,WIFI
f8:ed:a5:01:9c:60,HOME-9C62,[WPA-PSK-TKIP+CCMP][WPA2-PSK-TKIP+CCMP][WPS][WPS],2013-08-28 14:36:52,11,-95,39.98766253,-75.11910114,-19.7999992370605,5,WIFI
fe:ed:a5:01:9c:60,xfinitywifi,,2013-08-28 14:36:52,11,-93,39.98766253,-75.11910114,-19.7999992370605,5,WIFI
b8:9b:c9:2b:c1:c8,brown,[WPA2-PSK-TKIP],2013-08-28 14:36:52,1,-92,39.98766253,-75.11910114,-19.7999992370605,5,WIFI
310410_2982_141698344,AT&T,HSDPA;us,2013-08-28 14:36:58,0,-99,39.98746176,-75.11895532,-25.3999996185303,6,GSM
48:f8:b3:34:62:24,Cisco30886,[WPS][WPS],2013-08-28 14:37:02,1,-92,39.98730916,-75.11884024,-25.8999996185303,5,WIFI
310410_2968_142091139,AT&T,HSDPA;us,2013-08-28 14:37:05,0,-97,39.98721225,-75.11876175,-24.3999996185303,5,GSM
00:a0:0a:ae:74:1d,VSSEPTA5547,[WPA2-PSK-CCMP-preauth],2013-08-28 14:37:07,11,-96,39.98715905,-75.11866159,-23.7999992370605,6,WIFI
0c:d5:02:91:be:c2,11FX03025215,[WEP],2013-08-28 14:37:07,6,-87,39.98715905,-75.11866159,-23.7999992370605,6,WIFI
310410_2968_142091761,AT&T,HSDPA;us,2013-08-28 14:37:11,0,-97,39.98693509,-75.11849587,-22.2000007629395,7,GSM
10:0d:7f:8a:d5:f8,NETGEAR36,[WPA2-PSK-CCMP][WPS][WPS],2013-08-28 14:37:13,7,-94,39.98678721,-75.11833783,-20.8999996185303,5,WIFI
68:7f:74:50:06:67,ranhome0416,[WPA-PSK-TKIP+CCMP][WPA2-PSK-TKIP+CCMP][WPS][WPS],2013-08-28 14:37:13,1,-92,39.98678721,-75.11833783,-20.8999996185303,5,WIFI
12:0d:7f:8a:d5:f9,NETGEAR-Guest,,2013-08-28 14:37:13,7,-92,39.98678721,-75.11833783,-20.8999996185303,5,WIFI
98:fc:11:8a:05:0e,theresa,[WPS][WPS][WEP],2013-08-28 14:37:15,1,-97,39.98662926,-75.11825057,-18.7000007629395,6,WIFI
310410_2968_142091761,AT&T,HSDPA;us,2013-08-28 14:37:27,0,-93,39.9857477,-75.11748993,-18.8999996185303,6,GSM
00:a0:0a:ae:74:1d,VSSEPTA5547,[WPA2-PSK-CCMP-preauth],2013-08-28 14:37:35,11,-96,39.98514529,-75.11697671,-21.6000003814697,5,WIFI
310410_2968_142091761,AT&T,HSDPA;us,2013-08-28 14:37:47,0,-93,39.98473097,-75.11677407,-22,6,GSM
310410_2968_142091761,AT&T,HSDPA;us,2013-08-28 14:38:11,0,-95,39.98366684,-75.11879773,-22.7999992370605,20,GSM
00:7f:28:6c:14:3a,CrazyCatLadyAsylum,[WEP],2013-08-28 14:38:38,11,-97,39.98401144,-75.11935725,-26.2000007629395,7,WIFI
310410_2968_141698344,AT&T,HSDPA;us,2013-08-28 14:38:40,0,-93,39.98420155,-75.11951385,-28,7,GSM
310410_2968_141698344,AT&T,HSDPA;us,2013-08-28 14:38:50,0,-91,39.98525159,-75.12049857,-29.6000003814697,6,GSM
00:26:62:64:f3:b8,FXSX3,[WEP],2013-08-28 14:38:56,6,-96,39.98585823,-75.12111005,-30.7000007629395,4,WIFI
00:a0:0a:ae:74:1d,VSSEPTA5547,[WPA2-PSK-CCMP-preauth],2013-08-28 14:39:02,11,-94,39.98638564,-75.12163335,-29.1000003814697,5,WIFI
310410_2968_141698344,AT&T,HSDPA;us,2013-08-28 14:39:02,0,-89,39.98638564,-75.12163335,-29.1000003814697,5,GSM
08:86:3b:11:41:98,belkin.198,[WPA-PSK-CCMP][WPA2-PSK-CCMP][WPS][WPS],2013-08-28 14:39:06,11,-96,39.98665962,-75.12194474,-28.6000003814697,5,WIFI
310410_2968_141698344,AT&T,HSDPA;us,2013-08-28 14:40:09,0,-91,39.98681459,-75.12265639,-28.5,4,GSM
4c:60:de:df:8d:37,NETGEAR38,[WPA2-PSK-CCMP][WPS][WPS],2013-08-28 14:40:21,2,-95,39.9858415,-75.12362899,-24.5,3,WIFI
00:22:75:63:7c:d2,Belkin_N_Wireless_637cd2,[WPS][WPS],2013-08-28 14:40:22,5,-94,39.9856613,-75.1237616,-24.6000003814697,4,WIFI
310410_2968_141698344,AT&T,HSDPA;us,2013-08-28 14:40:22,0,-91,39.9856613,-75.1237616,-24.6000003814697,4,GSM
ac:81:12:1c:c1:2c,WiFiRSU_be,[WPA2-PSK-TKIP+CCMP],2013-08-28 14:40:24,9,-93,39.98548511,-75.12390483,-24.1000003814697,7,WIFI
00:26:b8:9a:f3:1b,NNDDJ,[WEP],2013-08-28 14:40:24,1,-89,39.98548511,-75.12390483,-24.1000003814697,7,WIFI
f8:e4:fb:9b:47:05,H79FJ,[WPA2-PSK-CCMP],2013-08-28 14:40:27,6,-92,39.98531399,-75.12407482,-23.3999996185303,6,WIFI
00:26:b8:61:97:bf,2393C,[WEP],2013-08-28 14:40:27,6,-92,39.98531399,-75.12407482,-23.3999996185303,6,WIFI
00:26:62:7d:bd:48,FDMW4,[WEP],2013-08-28 14:40:28,11,-97,39.98513083,-75.12421126,-21.2000007629395,5,WIFI
4c:60:de:dd:fe:b4,NETGEAR65,[WPA2-PSK-CCMP][WPS][WPS],2013-08-28 14:40:28,4,-92,39.98513083,-75.12421126,-21.2000007629395,5,WIFI
310410_2968_141698344,AT&T,HSDPA;us,2013-08-28 14:40:34,0,-91,39.98465025,-75.12463901,-24.5,6,GSM
0c:d5:02:33:41:b4,10FX10117969,[WEP],2013-08-28 14:40:36,6,-94,39.98451122,-75.1248033,-24.7000007629395,11,WIFI
00:7f:28:e8:4c:1c,S38KR,[WPA2-PSK-CCMP],2013-08-28 14:40:36,6,-92,39.98451122,-75.1248033,-24.7000007629395,11,WIFI
84:1b:5e:78:3d:98,NOYO STUDIOS,[WPA2-PSK-CCMP][WPS][WPS],2013-08-28 14:40:38,2,-96,39.98431912,-75.12491464,-25.7000007629395,12,WIFI
00:1f:90:f7:88:d0,GIYI3,[WEP],2013-08-28 14:40:40,1,-95,39.98410971,-75.12510004,-26,8,WIFI
6e:29:63:4b:38:b6,hpsetup,[IBSS],2013-08-28 14:40:42,6,-89,39.98395171,-75.1252113,-23.7999992370605,7,WIFI
00:23:69:78:94:6e,nkcdc,[WPA-PSK-TKIP],2013-08-28 14:40:44,11,-97,39.9837888,-75.12536525,-23.1000003814697,7,WIFI
28:c6:8e:8a:34:5e,NETGEAR76,[WPA2-PSK-CCMP][WPS][WPS],2013-08-28 14:40:44,11,-92,39.9837888,-75.12536525,-23.1000003814697,7,WIFI
310410_2968_141698344,AT&T,HSDPA;us,2013-08-28 14:40:46,0,-91,39.98362717,-75.12553941,-22.2000007629395,6,GSM
00:26:f3:45:77:68,HOME-7768,[WPA-PSK-TKIP+CCMP][WPA2-PSK-TKIP+CCMP][WPS][WPS],2013-08-28 14:40:48,2,-94,39.98348134,-75.12567526,-23.3999996185303,5,WIFI
ac:81:12:bb:be:4a,WiFiRSU_0c,[WPA2-PSK-TKIP+CCMP],2013-08-28 14:40:52,9,-91,39.9831533,-75.12603033,-22.5,8,WIFI
ec:1a:59:1f:7b:76,belkin.b76,[WPA2-PSK-CCMP][WPS][WPS],2013-08-28 14:40:54,11,-97,39.98299784,-75.12618313,-21.7000007629395,7,WIFI
ec:1a:59:1f:7b:79,belkin.b76.guests,,2013-08-28 14:40:54,11,-93,39.98299784,-75.12618313,-21.7000007629395,7,WIFI
00:26:b8:ae:e8:f8,F428L,[WEP],2013-08-28 14:40:56,1,-96,39.98283338,-75.12631502,-22.2000007629395,8,WIFI
00:21:29:cd:4f:11,Atlantis,[WPA2-PSK-TKIP],2013-08-28 14:41:00,6,-89,39.98256182,-75.12664846,-22.3999996185303,14,WIFI
310410_2968_141698044,AT&T,HSDPA;us,2013-08-28 14:41:00,0,-87,39.98256182,-75.12664846,-22.3999996185303,14,GSM
00:1c:10:f6:a3:35,PBC_Network,[WEP],2013-08-28 14:41:04,6,-94,39.98224488,-75.12698944,-22.2999992370605,11,WIFI
00:26:b8:ae:a2:7b,6N97L,[WEP],2013-08-28 14:41:10,11,-95,39.98190429,-75.1273535,-22.5,9,WIFI
00:1d:cf:44:00:70,HOME-0072,[WPA-PSK-TKIP+CCMP][WPA2-PSK-TKIP+CCMP][WPS][WPS],2013-08-28 14:41:10,1,-94,39.98190429,-75.1273535,-22.5,9,WIFI
20:10:7a:ba:a8:d5,WiFiRSU_18e3a,[WPA2-PSK-CCMP],2013-08-28 14:41:12,7,-90,39.98184818,-75.12738861,-22.5,8,WIFI
310410_2965_142091141,AT&T,HSDPA;us,2013-08-28 14:41:12,0,-95,39.98184818,-75.12738861,-22.5,8,GSM
20:aa:4b:06:e9:2c,GNUPSTER,[WPA-PSK-TKIP+CCMP][WPA2-PSK-TKIP+CCMP][WPS][WPS],2013-08-28 14:41:17,6,-96,39.9817305,-75.12749366,-22.7999992370605,10,WIFI
00:1e:2a:5b:4c:82,ellymae,[WPA-PSK-TKIP],2013-08-28 14:41:19,11,-94,39.98165804,-75.12757341,-22.8999996185303,12,WIFI
310410_2968_141698044,AT&T,HSDPA;us,2013-08-28 14:41:20,0,-97,39.98157978,-75.12765893,-23.1000003814697,12,GSM
06:1d:d6:c3:33:80,xfinitywifi,,2013-08-28 14:41:32,2,-90,39.98085754,-75.12833775,-26.1000003814697,9,WIFI
00:1d:d6:c3:33:80,HOME-3382,[WPA-PSK-TKIP+CCMP][WPA2-PSK-TKIP+CCMP][WPS][WPS],2013-08-28 14:41:32,2,-89,39.98085754,-75.12833775,-26.1000003814697,9,WIFI
f8:e4:fb:20:7b:3f,H6B25,[WPA2-PSK-CCMP],2013-08-28 14:41:34,11,-98,39.98078581,-75.12839515,-26.2999992370605,8,WIFI
70:73:cb:bc:92:79,LBIC_POS,[WPA2-PSK-CCMP],2013-08-28 14:41:34,1,-94,39.98078581,-75.12839515,-26.2999992370605,8,WIFI
f8:e4:fb:00:cd:cd,NN642,[WPA2-PSK-CCMP],2013-08-28 14:41:34,11,-93,39.98078581,-75.12839515,-26.2999992370605,8,WIFI
310410_2982_141698044,AT&T,HSDPA;us,2013-08-28 14:41:39,0,-91,39.98069637,-75.1284976,-25.1000003814697,8,GSM
00:21:29:a7:aa:e6,getyourgrooveon,[WPA-PSK-TKIP][WPS][WPS],2013-08-28 14:41:41,6,-96,39.98065931,-75.12856519,-24.8999996185303,11,WIFI
ee:3e:fc:8a:05:b0,xfinitywifi,,2013-08-28 14:41:45,1,-98,39.98051516,-75.12867083,-24.8999996185303,10,WIFI
e8:3e:fc:8a:05:b0,9142455068,[WPA-PSK-TKIP+CCMP][WPA2-PSK-TKIP+CCMP][WPS][WPS],2013-08-28 14:41:45,1,-96,39.98051516,-75.12867083,-24.8999996185303,10,WIFI
00:1f:90:dc:a5:90,QWNM4,[WEP],2013-08-28 14:41:45,11,-96,39.98051516,-75.12867083,-24.8999996185303,10,WIFI
310410_2982_142091141,AT&T,HSDPA;us,2013-08-28 14:41:45,0,-91,39.98051516,-75.12867083,-24.8999996185303,10,GSM
00:26:62:a8:da:3b,EI6L6,[WEP],2013-08-28 14:41:51,1,-90,39.98028671,-75.12895446,-25.6000003814697,10,WIFI
9c:d3:6d:b0:67:90,Christopher,[WPS][WPS][WEP],2013-08-28 14:41:53,6,-89,39.98019564,-75.12909091,-26,8,WIFI
cc:a4:62:b0:08:c0,HOME-08C2,[WPA-PSK-TKIP+CCMP][WPA2-PSK-TKIP+CCMP][WPS][WPS],2013-08-28 14:41:55,1,-93,39.98009438,-75.12920494,-25.6000003814697,8,WIFI
00:26:b8:51:60:ac,B3B63,[WEP],2013-08-28 14:41:57,6,-96,39.97994645,-75.12927553,-26,10,WIFI
310410_2982_141698044,AT&T,HSDPA;us,2013-08-28 14:42:01,0,-87,39.97969633,-75.12958972,-25.3999996185303,9,GSM
00:26:b8:b2:2b:04,2ZRJL,[WEP],2013-08-28 14:42:03,6,-96,39.97957807,-75.12968904,-25,8,WIFI
00:7f:28:34:1c:bb,DX2V6,[WPA2-PSK-CCMP],2013-08-28 14:42:07,1,-96,39.97931603,-75.12992052,-25.2999992370605,8,WIFI
00:26:62:c7:6f:00,95XHN,[WEP],2013-08-28 14:42:07,11,-90,39.97931603,-75.12992052,-25.2999992370605,8,WIFI
00:18:01:fe:37:66,JHOK7,[WEP],2013-08-28 14:42:09,11,-99,39.97921397,-75.13003494,-25.3999996185303,7,WIFI
00:7f:28:c4:fc:59,Pecant,[WPA-PSK-CCMP][WPA2-PSK-CCMP],2013-08-28 14:42:09,6,-95,39.97921397,-75.13003494,-25.3999996185303,7,WIFI
00:26:b8:b4:de:ed,XL2SL,[WEP],2013-08-28 14:42:09,11,-90,39.97921397,-75.13003494,-25.3999996185303,7,WIFI
de:ad:be:ef:d0:0d,mesh0,[IBSS],2013-08-28 14:42:11,3,-93,39.97911331,-75.13010674,-24.8999996185303,7,WIFI
a0:f3:c1:cf:a8:b6,Project.Phree,,2013-08-28 14:42:13,3,-92,39.97897932,-75.13017206,-22.3999996185303,8,WIFI
00:26:f2:0c:de:04,Black Jammer,[WPA-PSK-TKIP],2013-08-28 14:42:19,1,-95,39.97883104,-75.13033073,-22.2999992370605,6,WIFI
310410_2982_141893481,AT&T,HSDPA;us,2013-08-28 14:42:24,0,-89,39.97881105,-75.13029409,-22.3999996185303,5,GSM
